title,year,audience_score,critics_score
war of the worlds,2025,2.0,0.4
war machine,2017,3.5,4.8
war sailor,2022,9.2,8.0
the current war,2019,7.2,3.3
munich,2021,7.8,8.3
the great war,2019,3.1,1.7
war dogs,2016,6.9,6.2
the lord of the rings,2024,8.1,4.9
woman at war,2018,8.5,9.7
primitive war,2025,8.5,5.6
baltimore aka roses war,2023,3.9,8.8
god of war,2017,5.2,8.3
avengers,2018,9.2,8.5
justice league dark,2020,9.0,10.0
war on everyone,2016,3.8,6.1
a private war,2018,6.3,8.7
boudica,2023,1.3,4.3
captain america,2016,8.9,9.0
the tomorrow war,2021,7.6,5.1
war 2,2025,6.6,2.7
ghosts of war,2020,6.3,3.8
the ministry of ungentlemanly warfare,2024,9.1,6.8
the war with grandpa,2020,8.5,2.9
words of war,2025,9.0,7.5
war,2019,8.0,6.7
warfare,2025,9.3,9.2
civil war,2024,6.9,8.1
cold war,2018,8.2,9.2
war for the planet of the apes,2017,8.4,9.4
war pony,2022,8.2,9.3
the huntsman,2016,4.5,2.0
war and justice,2023,7.8,8.3
the war below,2021,7.1,8.8
justice society,2021,7.2,7.6
two who dared,2016,7.2,10.0
the current war,2019,7.9,6.1
porcelain war,2024,9.4,9.6
war game,2024,6.2,8.0
the silent war,2018,2.4,5.6
the coming war on china,2016,4.2,8.8
kill chain,2020,9.6,10.0
memoir of war,2017,5.2,6.7
bennetts war,2019,8.2,5.0
cold war 2,2016,5.7,6.0
the war show,2016,9.0,10.0
at war,2018,8.8,6.9
day of the fight,2023,9.4,8.5
day shift,2022,7.6,5.7
the day the earth blew up,2024,8.8,8.5
mothers day,2023,3.6,5.0
independence day,2016,3.0,2.8
365 days,2022,4.3,0.0
1987,2017,6.5,8.2
yes day,2021,5.5,5.2
a rainy day in new york,2019,5.6,4.7
flag day,2021,4.7,4.0
long days journey into night,2018,6.7,9.5
sicario,2018,6.6,6.2
your lucky day,2023,5.5,9.0
tremors,2018,2.7,4.0
all day and a night,2020,5.9,5.4
happy death day 2u,2019,6.0,7.3
happy death day,2017,6.7,7.1
founders day,2023,1.2,5.0
every day,2018,5.4,6.4
a beautiful day in the neighborhood,2019,9.2,9.5
girlfriends day,2017,3.7,5.0
patriots day,2016,8.6,8.0
day of the dead,2018,1.0,1.1
a quiet place,2024,7.2,8.6
mothers day,2016,4.4,0.8
a day,2017,7.4,10.0
the happiest day in the life of olli mki,2016,7.6,9.8
michael boltons big sexy valentines day special,2017,6.0,10.0
australia day,2017,4.9,5.0
suga,2023,9.3,8.0
a day and a half,2023,5.6,8.3
boxing day,2021,8.6,8.3
another day of life,2018,8.9,8.9
at the end of the day,2018,7.2,10.0
bad day for the cut,2017,7.4,9.2
a white white day,2019,6.8,9.4
on the seventh day,2017,6.2,10.0
the day the music died,2022,7.1,7.0
redemption day,2021,4.9,1.4
one day as a lion,2023,4.7,6.0
the seventh day,2021,1.7,1.3
lucky day,2019,4.1,0.9
the day shall come,2019,5.1,6.5
planet earth,2017,8.9,10.0
the day after,2017,6.7,7.9
on the 3rd day,2021,3.8,3.8
marathon,2016,8.3,9.0
the day sports stood still,2021,6.7,8.0
the pay day,2022,9.5,6.0
have a nice day,2017,6.4,7.8
tiny tim,2020,6.2,8.5
one week and a day,2016,7.6,9.0
lover for a day,2017,4.1,8.2
liberation day,2016,10.0,6.7
after the hunt,2025,3.8,3.8
the home,2025,5.8,3.0
the elixir,2025,2.7,7.0
the hand that rocks the cradle,2025,2.7,4.4
the astronaut,2025,6.6,3.9
the twits,2025,5.2,5.2
under the shadow,2016,7.1,9.9
the perfect neighbor,2025,7.9,9.9
the lost bus,2025,9.4,8.7
the wailing,2016,8.2,9.9
the deliverance,2024,3.9,3.4
the thursday murder club,2025,5.3,7.7
the ritual,2017,6.3,7.4
the unholy trinity,2024,6.6,4.0
the ugly stepsister,2025,8.7,9.6
the woman in the yard,2025,4.6,4.1
the senior,2023,9.3,7.9
the strangers,2025,5.5,1.4
the mastermind,2025,3.7,9.2
the history of sound,2025,9.0,6.8
watch the skies,2022,7.3,7.8
chainsaw man  the movie,2025,9.8,9.7
the substance,2024,7.6,8.9
the baltimorons,2025,8.3,9.4
the order,2024,8.9,9.3
the woman in cabin 10,2025,3.2,2.6
late night with the devil,2023,8.2,9.7
the little things,2021,6.7,4.4
the black phone,2021,8.8,8.1
life of the party,2018,4.0,3.8
the toxic avenger,2023,8.2,8.6
gabbys dollhouse,2025,9.4,8.5
the phoenician scheme,2025,7.1,7.7
the damned,2024,4.7,8.9
the smashing machine,2025,7.5,7.0
the electric state,2025,6.7,1.4
the forgiven,2021,5.7,6.8
the gorge,2025,7.5,6.2
the father,2020,8.8,9.8
kiss of the spider woman,2025,6.7,7.7
the amateur,2025,8.7,6.2
eleanor the great,2025,9.4,6.6
the monkey,2025,5.5,7.7
downton abbey,2025,9.6,9.1
the life of chuck,2024,8.8,8.0
the menu,2022,7.6,8.8
the long walk,2025,8.5,8.8
mission,2025,8.8,8.0
the roses,2025,7.9,6.5
the fantastic four,2025,9.1,8.6
the holdovers,2023,9.2,9.7
the conjuring,2025,7.8,5.9
the ballad of wallis island,2025,9.3,9.6
i saw the tv glow,2024,7.1,8.5
the naked gun,2025,7.3,8.8
the outfit,2022,9.2,8.6
the invisible man,2020,8.8,9.2
f1 the movie,2025,9.7,8.2
the bad guys 2,2025,9.4,8.7
the batman,2022,8.7,8.5
night of the reaper,2025,6.3,7.9
the brutalist,2024,8.0,9.3
the voyeurs,2021,4.6,4.5
bridget jones,2025,7.3,8.8
the man in my basement,2025,2.6,4.0
the cost,2023,9.1,8.3
the empty man,2020,6.1,7.3
the predator,2018,3.2,3.4
the threesome,2025,7.1,7.8
winniethepooh,2023,4.9,0.3
the idea of you,2024,6.7,8.0
the wrong paris,2025,6.1,6.7
the conjuring 2,2016,8.2,8.0
the life list,2025,7.1,4.8
roald dahls the witches,2020,3.2,5.0
the power of the dog,2021,7.6,9.4
the killing of a sacred deer,2017,6.3,7.9
woman of the hour,2023,6.8,9.1
the handmaiden,2016,9.1,9.6
the favourite,2018,7.1,9.3
the dark and the wicked,2020,6.2,9.1
killers of the flower moon,2023,8.4,9.3
the nun,2018,3.5,2.4
the conjuring,2021,8.3,5.6
the autopsy of jane doe,2016,7.2,8.6
the endless,2017,6.7,9.1
the wrath of becky,2023,7.7,8.9
the devils bath,2024,6.2,9.1
the gentlemen,2019,8.4,7.6
the surfer,2024,4.6,8.4
the greatest showman,2017,8.6,5.6
where the crawdads sing,2022,9.6,3.4
the assessment,2024,9.2,8.4
the marvels,2023,7.9,6.3
kraven the hunter,2024,7.2,1.5
the blackening,2022,8.5,8.7
the wild robot,2024,9.8,9.7
the accountant 2,2025,9.2,7.5
the dead dont die,2019,3.8,5.5
the nun ii,2023,7.2,5.1
avatar,2022,9.2,7.6
the mummy,2017,3.5,1.5
the hunger games,2023,8.9,6.4
leave the world behind,2023,3.6,7.3
the first omen,2024,6.9,8.3
the lighthouse,2019,7.2,9.0
the watchers,2024,5.0,3.2
guardians of the galaxy vol 3,2023,9.4,8.2
the dark tower,2017,4.4,1.6
shangchi and the legend of the ten rings,2021,9.8,9.2
spinal tap ii,2025,9.0,6.6
the boogeyman,2023,6.5,6.0
the family plan,2023,6.0,2.9
the wretched,2019,4.7,7.4
sonic the hedgehog 3,2024,9.5,8.6
the love witch,2016,6.1,9.5
blow the man down,2019,7.4,9.9
the stranger,2022,7.4,9.2
manchester by the sea,2016,7.8,9.6
the surrender,2025,4.8,8.5
the friend,2024,8.0,8.4
emily the criminal,2022,7.9,9.3
the wonderful story of henry sugar,2023,8.1,9.5
the map that leads to you,2025,5.7,3.8
the legend of ochi,2025,6.3,7.5
the king of kings,2025,9.7,6.1
the ritual,2025,4.7,0.9
the way back,2020,8.4,8.5
apocalypse in the tropics,2024,8.1,9.0
the penguin lessons,2024,9.5,7.7
the count of monte cristo,2024,9.4,9.7
the shape of water,2017,7.3,9.2
the wolf of snow hollow,2020,6.4,9.0
the worst person in the world,2021,8.6,9.6
the king,2019,8.4,7.1
the accountant,2016,7.7,5.3
maze runner,2018,5.8,4.3
all quiet on the western front,2022,9.0,9.0
the pale blue eye,2022,6.9,6.2
the killer,2023,6.1,8.5
the iron claw,2023,9.4,8.9
the crow,2024,6.2,2.2
the alto knights,2025,7.0,4.0
the strangers,2024,4.5,2.1
star wars,2017,4.1,9.1
the night house,2020,6.9,8.8
the northman,2022,6.4,9.0
guy ritchies the covenant,2023,9.8,8.2
the creator,2023,7.5,6.7
the beekeeper,2024,9.2,7.1
scary stories to tell in the dark,2019,7.2,7.8
dr seuss the grinch,2018,5.4,6.0
star wars,2019,8.6,5.1
venom,2024,7.9,4.0
the popes exorcist,2023,8.0,5.1
the fall guy,2024,8.4,8.2
spiderman,2023,9.5,9.5
spiderman,2018,9.3,9.7
knock at the cabin,2023,6.3,6.7
the super mario bros movie,2023,9.5,5.9
doctor strange in the multiverse of madness,2022,8.5,7.3
the irishman,2019,8.6,9.5
the guilty,2021,5.1,7.3
the boy and the heron,2023,8.8,9.6
the grab,2022,9.2,8.2
the lodge,2019,5.1,7.5
minding the gap,2018,9.0,10.0
dont lets go to the dogs tonight,2024,8.4,9.1
in the tall grass,2019,3.3,3.6
the apprentice,2024,8.4,8.3
the last rodeo,2025,9.5,6.9
the rule of jenny pen,2024,5.5,7.1
the peanut butter falcon,2019,9.6,9.5
demon slayer kimetsu no yaiba the movie,2020,9.9,9.8
in the lost lands,2025,4.8,2.4
the flash,2023,8.1,6.3
the old guard 2,2025,3.3,2.7
the jester,2023,2.6,2.5
the platform,2019,7.3,8.1
the suicide squad,2021,8.2,9.0
one cut of the dead,2017,8.4,10.0
under the silver lake,2018,5.9,5.8
night of the zoopocalypse,2024,8.2,8.8
indiana jones and the dial of destiny,2023,8.7,7.1
the gray man,2022,9.0,4.6
the big sick,2017,8.8,9.8
the green knight,2021,5.0,8.9
the brothers grimsby,2016,4.1,3.7
kingdom of the planet of the apes,2024,7.7,8.0
antman and the wasp,2023,8.1,4.6
the purge,2016,4.8,5.5
fly me to the moon,2024,8.9,6.6
the emoji movie,2017,3.6,0.6
the bikeriders,2023,7.4,7.9
puss in boots,2022,9.4,9.5
the exorcist,2023,5.7,2.2
the first purge,2018,2.8,5.5
godzilla x kong,2024,8.9,5.4
the bad guys,2022,9.3,8.7
a house of dynamite,2025,7.8,7.6
the house that jack built,2018,6.5,5.9
bambi,2025,5.7,6.3
the cloverfield paradox,2018,4.1,2.2
hell house llc origins,2023,7.9,8.8
the shrouds,2024,5.1,7.5
the hunt,2020,6.6,5.7
the coffee table,2022,7.2,8.9
the pickup,2025,3.6,2.5
the whale,2022,9.1,6.4
jujutsu kaisen 0,2021,9.8,9.8
summer of soul or when the revolution could not be televised,2021,9.8,9.9
the mitchells vs the machines,2021,8.9,9.7
brave the dark,2023,9.4,7.4
john and the hole,2020,2.3,6.0
murder on the orient express,2017,5.4,6.0
the return,2024,7.6,7.8
the seed of the sacred fig,2024,9.4,9.7
the cursed,2021,5.4,7.1
the banshees of inisherin,2022,7.5,9.6
the devil all the time,2020,7.9,6.5
the forever purge,2021,7.8,4.8
springsteen,2025,8.3,5.9
the promised land,2023,9.5,9.7
the curse of la llorona,2019,3.5,2.6
judas and the black messiah,2021,9.5,9.6
all the bright places,2020,6.2,6.7
the last voyage of the demeter,2023,7.3,5.0
the monster,2016,4.0,8.1
the exorcism,2024,3.6,2.7
the best christmas pageant ever,2024,9.7,9.2
the last duel,2021,8.1,8.5
in the shadow of the moon,2019,5.0,5.9
pirates of the caribbean,2017,6.0,3.0
transformers,2023,9.1,5.1
the house with a clock in its walls,2018,4.5,6.5
mission,2023,9.4,9.6
rocky iv,2021,9.3,7.2
365 days,2020,3.6,0.0
descendent,2025,4.5,8.8
downwind,2023,7.9,10.0
last days,2025,7.1,3.1
death of a unicorn,2025,7.6,5.3
deadstream,2022,7.5,9.2
dead of winter,2025,7.9,7.6
a different man,2024,8.9,9.3
kpop demon hunters,2025,9.9,9.5
dont move,2024,4.0,7.5
demon slayer,2025,9.8,9.8
descendant,2022,6.4,10.0
deep cover,2025,7.9,9.0
dont look up,2021,7.8,5.6
evil dead rise,2023,7.6,8.5
until dawn,2025,6.7,5.1
strange darling,2023,8.5,9.6
play dirty,2025,4.2,4.3
dont worry darling,2022,7.4,3.8
dangerous animals,2025,7.4,8.7
guillermo del toros pinocchio,2022,9.0,9.6
magazine dreams,2023,8.9,8.0
perfect days,2023,9.3,9.6
no time to die,2021,8.8,8.3
dog man,2025,8.1,8.1
downsizing,2017,2.5,4.7
deep water,2022,2.5,3.5
final destination bloodlines,2025,8.6,9.2
den of thieves,2018,6.3,4.2
joker,2024,3.1,3.1
doctor sleep,2019,8.9,7.8
dont breathe,2016,7.9,8.8
honey dont,2025,4.0,4.5
i know what you did last summer,2025,6.8,3.6
dune,2021,9.0,8.3
disneys snow white,2025,6.9,3.9
drop,2025,7.9,8.3
one of them days,2025,8.9,9.4
deadpool  wolverine,2024,9.4,7.8
dune,2024,9.5,9.2
baby driver,2017,8.6,9.2
batman v superman,2016,6.3,2.8
how to train your dragon,2025,9.7,7.7
jurassic world dominion,2022,7.7,2.9
doin it,2024,9.5,5.0
the witcher,2025,3.8,5.8
damsel,2024,5.9,5.6
things will be different,2024,4.1,8.1
dirty angels,2024,2.5,2.7
disappearance at clifton hill,2019,3.1,7.8
dream scenario,2023,6.9,9.1
isle of dogs,2018,8.7,9.0
fantastic beasts,2022,8.3,4.6
dead mail,2024,6.8,9.3
dunkirk,2017,8.1,9.2
megamind vs the doom syndicate,2024,0.8,0.9
decision to leave,2022,8.4,9.4
doctor strange,2016,8.6,8.9
till death,2021,5.3,9.0
army of the dead,2021,7.4,6.8
daughters,2024,9.1,10.0
may december,2023,6.5,9.1
the darkest minds,2018,7.0,1.5
den of thieves,2025,7.9,6.2
death note,2017,2.3,3.6
fifty shades darker,2017,4.8,1.1
darkest hour,2017,8.3,8.4
dungeons  dragons,2023,9.2,9.1
despicable me 4,2024,8.6,5.5
terminator,2019,8.2,7.0
dark waters,2019,9.5,8.9
insidious,2023,6.9,3.9
bad boys,2024,9.6,6.5
deliver me from nowhere,2025,8.3,5.9
how to train your dragon,2019,8.7,9.0
the gangster the cop the devil,2019,9.4,9.7
76 days,2020,8.6,10.0
his three daughters,2023,8.2,9.7
the diplomat,2025,8.7,4.7
100 days to live,2019,9.1,10.0
the three musketeers,2023,8.0,9.8
dragged across concrete,2018,6.7,7.6
die alone,2024,5.6,8.1
dont listen,2020,6.1,7.1
daddys head,2024,5.2,8.4
deepwater horizon,2016,8.2,8.2
ddi,2024,9.1,9.5
disobedience,2017,7.5,8.4
i dont understand you,2024,4.6,5.2
the lost daughter,2021,5.6,9.4
the room next door,2024,7.6,8.0
downton abbey,2022,9.7,8.7
a dark song,2016,6.2,9.1
deadpool,2016,9.0,8.5
my dead friend zoe,2024,9.5,9.4
pokmon detective pikachu,2019,7.9,6.8
sleeping dogs,2024,8.1,4.3
dear santa,2024,3.9,2.4
devotion,2022,9.2,8.1
death on the nile,2022,8.2,6.2
my friend dahmer,2017,6.1,8.5
detroit,2017,7.9,8.2
dolittle,2020,7.6,1.5
the dry,2021,8.9,9.0
the death of stalin,2017,7.9,9.4
operation fortune,2023,8.2,5.1
dumb money,2023,8.5,8.4
robot dreams,2023,8.8,9.8
zombieland,2019,8.8,6.8
the next 365 days,2022,3.6,0.0
demon slayer,2024,7.9,8.8
la dolce villa,2025,5.9,7.5
dora and the search for sol dorado,2025,8.8,9.2
coup de chance,2023,7.6,8.4
madeas destination wedding,2025,3.6,1.1
dogman,2023,8.3,5.9
hold the dark,2018,3.3,6.9
orion and the dark,2024,5.7,9.1
bring them down,2024,5.4,8.9
a dogs purpose,2017,7.4,3.5
i dont feel at home in this world anymore,2017,7.7,8.9
the secret,2020,7.2,2.8
the priests 2,2025,6.6,5.3
diablo,2025,5.0,7.1
abrahams boys,2025,3.0,4.0
how to make millions before grandma dies,2024,9.4,9.8
the boy behind the door,2020,6.2,9.7
the dig,2021,7.8,8.8
dirty grandpa,2016,4.4,1.0
double blind,2023,6.9,10.0
dark harvest,2023,4.7,6.7
dreamin wild,2022,6.5,9.0
intrigo,2018,4.8,1.1
dolemite is my name,2019,9.1,9.7
raya and the last dragon,2021,9.7,9.3
dear evan hansen,2021,8.8,2.8
dora and the lost city of gold,2019,8.8,8.5
the french dispatch,2021,7.6,7.5
the neon demon,2016,5.1,5.9
driveaway dolls,2024,3.7,6.4
dark phoenix,2019,6.4,2.2
blumhouses truth or dare,2018,2.3,1.5
despicable me 3,2017,5.3,5.8
roofman,2025,8.5,8.6
rebel ridge,2024,7.3,9.5
regretting you,2025,8.5,2.8
rrr,2022,9.4,9.6
the deeper you dig,2019,5.8,9.4
small engine repair,2021,8.5,7.8
dhadak 2,2025,8.1,6.3
raw,2016,7.6,9.3
maintenance required,2025,3.7,3.8
what remains,2022,4.1,8.9
flight risk,2025,6.2,2.9
reptile,2023,7.0,4.4
ready player one,2018,7.7,7.1
run,2020,7.4,8.8
red one,2024,8.9,3.0
rebel moon,2023,5.6,2.2
ice road,2025,2.4,1.5
rule breakers,2025,9.6,8.2
wind river,2017,9.0,8.7
redeeming love,2022,9.5,1.1
relay,2024,8.9,8.1
bohemian rhapsody,2018,8.5,6.0
jurassic world rebirth,2025,7.0,5.0
jojo rabbit,2019,9.4,8.1
a real pain,2024,8.2,9.6
hallow road,2025,5.2,9.1
rust,2024,7.1,5.7
alien,2024,8.5,8.0
red rooms,2023,7.6,9.6
rosario,2025,4.7,7.0
thor,2017,8.7,9.3
she rides shotgun,2025,9.1,8.6
you were never really here,2017,6.4,8.9
reality,2023,6.7,9.4
crazy rich asians,2018,7.6,9.1
self reliance,2023,5.7,7.3
run rabbit run,2023,2.6,3.8
tomb raider,2018,5.5,5.2
the greatest beer run ever,2022,9.1,4.3
escape room,2019,5.4,5.1
joy ride,2023,8.1,9.0
rogue one,2016,8.7,8.4
road house,2024,5.2,5.9
red sonja,2025,5.5,5.6
the matrix resurrections,2021,6.3,6.3
ready or not,2019,7.8,8.9
revenge,2017,6.1,9.2
riff raff,2024,5.8,5.5
risen,2016,7.0,5.3
robin hood,2018,4.0,1.4
blade runner 2049,2017,8.8,8.8
hacksaw ridge,2016,9.2,8.4
first reformed,2017,6.9,9.4
the art of racing in the rain,2019,9.6,4.4
am i racist,2024,9.6,5.6
red notice,2021,9.2,3.7
blood red sky,2021,5.8,8.1
roma,2018,7.2,9.6
rebecca,2020,3.9,3.7
reagan,2024,9.8,1.8
the rental,2020,4.7,7.3
the remarkable life of ibelin,2024,9.5,9.7
relic,2020,5.1,9.2
red white  royal blue,2023,9.2,7.5
birthrebirth,2023,7.3,9.5
cha cha real smooth,2022,6.1,8.5
rob peace,2024,9.4,7.5
rogue agent,2022,6.6,7.2
red sparrow,2018,5.1,4.5
turning red,2022,6.7,9.5
the report,2019,8.2,8.3
jeepers creepers,2022,0.7,0.0
the ice road,2021,3.1,4.3
renfield,2023,7.8,5.8
see how they run,2022,6.9,7.5
white boy rick,2018,5.1,5.6
reunion,2024,5.1,4.0
isnt it romantic,2019,5.1,7.0
sabans power rangers,2017,6.5,5.1
resident evil,2021,6.5,3.0
pacific rim uprising,2018,3.7,4.2
jack reacher,2016,4.2,3.7
ralph breaks the internet,2018,6.4,8.8
riders of justice,2020,8.9,9.6
rings,2017,2.3,0.8
retribution,2023,6.7,3.0
825 forest road,2025,4.3,3.3
rye lane,2023,8.5,9.8
running on empty,2024,6.4,1.6
high rollers,2025,7.9,2.0
the last rifleman,2023,8.8,7.1
rambo,2019,8.1,2.6
colors of evil,2024,5.4,8.0
another round,2020,9.0,9.3
bad times at the el royale,2018,7.5,7.5
roald dahls matilda the musical,2022,7.2,9.3
ricky stanicky,2024,6.9,4.5
the rescue,2021,9.9,9.6
superman,2024,9.8,9.8
tom clancys without remorse,2021,4.1,4.5
rampage,2018,7.1,5.1
ma raineys black bottom,2020,7.2,9.7
mechanic,2016,4.0,3.0
eli roth presents,2024,5.0,6.3
the front room,2024,4.2,4.0
on the rocks,2020,5.0,8.7
king richard,2021,9.8,9.0
the royal hotel,2023,3.7,8.9
escape room,2021,7.5,5.2
roman j israel esq,2017,5.7,5.5
christopher robin,2018,8.3,7.3
minions,2022,8.9,6.9
what remains,2022,7.0,6.0
raymond  ray,2022,5.6,4.9
rocketman,2019,8.8,8.9
rebel moon  part one,2024,7.3,5.3
run hide fight,2020,9.3,3.0
how to rob a bank,2024,7.3,10.0
the rat catcher,2023,6.1,10.0
do revenge,2022,7.7,8.6
revelations,2025,6.2,6.8
sniper,2022,7.3,7.2
queen of the ring,2024,8.8,7.3
ultraman,2024,9.1,8.6
the poison rose,2019,2.1,0.0
ill be right there,2024,6.0,8.6
daniel isnt real,2019,5.6,8.4
jesus revolution,2023,9.9,5.4
rumours,2024,2.9,7.5
red rocket,2021,7.5,9.0
the ravenous,2017,5.8,8.8
mary poppins returns,2018,6.5,7.9
rebel moon,2024,4.7,1.6
the lost city of z,2016,5.8,8.5
demon city,2025,5.0,5.0
descendants,2024,4.3,5.7
the roundup,2022,10.0,9.6
godzilla,2018,3.4,6.0
replicas,2018,3.3,0.9
crescent city,2024,2.1,1.4
asphalt city,2023,5.5,4.6
charm city kings,2020,6.7,7.9
the radleys,2024,3.2,6.9
occupied city,2023,5.9,7.2
murder at yellowstone city,2022,5.0,2.4
knuckle city,2019,8.0,10.0
city of dreams,2024,9.1,5.2
my spy,2024,3.5,2.3
city hunter,2024,8.1,5.9
paradise city,2022,2.1,1.4
city of lies,2018,8.3,5.0
valerian and the city of a thousand planets,2017,5.3,4.7
kokomo city,2023,7.1,9.9
resident evil,2016,4.7,3.8
rons gone wrong,2021,9.4,8.2
rust creek,2018,6.1,8.5
city of ghosts,2017,8.3,9.8
asteroid city,2023,6.2,7.6
the lost city,2022,8.3,7.8
fabricated city,2017,7.5,7.1
city hall,2020,6.7,9.8
john mulaney,2018,9.1,10.0
gun city,2018,4.6,7.1
bad city,2022,7.6,7.7
asura,2016,7.9,7.3
city of joy,2016,7.1,10.0
city of tiny lights,2016,4.0,6.1
desperate souls dark city and the legend of midnight cowboy,2022,7.1,9.1
blues big city adventure,2022,8.4,8.3
dawson city,2016,7.0,10.0
bomb city,2017,8.2,8.2
oklahoma city,2017,8.8,9.7
zone 414  city of robots,2021,3.9,1.7
cut throat city,2020,3.8,7.2
citizen jane,2016,6.9,9.5
charm city,2018,9.1,10.0
karl marx city,2016,7.2,9.6
dark city beneath the beat,2020,8.3,10.0
in the last days of the city,2016,8.9,8.0
ballad of a small player,2025,5.0,4.7
tron,2025,8.5,5.3
one battle after another,2025,8.5,9.5
it was just an accident,2025,8.2,9.7
kantara,2025,9.2,8.3
on becoming a guinea fowl,2024,6.7,10.0
anniversary,2025,7.9,6.9
secret mall apartment,2024,8.8,9.8
a little prayer,2023,9.2,9.3
anemone,2025,5.9,5.4
adulthood,2025,8.0,6.7
a big bold beautiful journey,2025,5.9,3.7
clown in a cornfield,2025,5.7,7.4
still,2023,9.5,9.9
aftersun,2022,8.1,9.6
40 acres,2024,9.4,8.9
last seen alive,2022,4.7,1.4
night always comes,2025,4.0,5.1
americana,2025,7.7,6.5
all of you,2024,6.8,7.1
it comes at night,2017,4.4,8.8
a working man,2025,8.7,4.7
truth  treason,2025,9.7,8.6
things heard  seen,2021,2.3,3.9
once upon a time in hollywood,2019,7.0,8.6
glass onion,2022,9.2,9.1
are you there god its me margaret,2023,9.4,9.9
about my father,2023,8.1,3.7
captain america,2025,7.6,4.6
wallace  gromit,2024,9.1,10.0
everything everywhere all at once,2022,7.9,9.3
tigers are not afraid,2017,7.9,9.7
nightmare alley,2021,6.8,8.0
a complete unknown,2024,9.5,8.2
all of us strangers,2023,9.1,9.6
arrival,2016,8.3,9.4
a quiet place,2018,8.3,9.6
lilo  stitch,2025,9.2,7.2
anora,2024,8.4,9.3
avengers,2019,9.0,9.4
anyone but you,2023,8.7,5.3
a minecraft movie,2025,8.5,4.7
after,2019,6.4,1.8
five nights at freddys,2023,8.6,3.3
a quiet place part ii,2021,9.2,9.1
abigail,2024,8.3,8.3
gonjiam,2018,7.5,9.2
a silent voice,2016,9.4,9.5
to catch a killer,2023,6.0,5.3
kantara,2022,7.9,8.3
arcadian,2024,5.6,7.8
eye for an eye,2025,8.9,9.2
a nice indian boy,2024,9.7,9.5
portrait of a lady on fire,2019,9.2,9.7
no one gets out alive,2021,3.9,6.8
in a violent nature,2024,4.4,7.8
we have a ghost,2023,6.1,4.4
a man called otto,2022,9.7,7.0
a widows game,2025,6.0,4.6
the weekend away,2022,3.7,4.2
ad astra,2019,4.0,8.3
anatomy of a fall,2023,9.1,9.6
to all the boys ive loved before,2018,8.4,9.6
atlas,2024,4.7,1.8
what keeps you alive,2018,4.5,8.2
get away,2024,4.7,7.6
back in action,2025,6.0,3.0
apostle,2018,5.3,7.9
all we imagine as light,2024,7.1,10.0
you wont be alone,2022,7.3,9.3
annabelle,2017,6.8,7.0
american sweatshop,2025,5.9,8.1
bonhoeffer,2024,9.2,6.6
thor,2022,7.6,6.3
alien,2017,5.5,6.5
ordinary angels,2024,9.9,8.4
argylle,2024,7.0,3.3
amsterdam,2022,6.1,3.1
apartment 7a,2024,6.5,4.5
ash,2025,5.3,7.1
furiosa,2024,8.8,9.0
the addams family,2019,7.0,4.6
annihilation,2018,6.7,8.8
ghostbusters,2021,9.4,6.3
beau is afraid,2023,7.1,6.7
solo,2018,6.3,6.9
angel has fallen,2019,9.3,3.8
bones and all,2022,6.3,8.2
a haunting in venice,2023,7.6,7.6
el camino,2019,8.1,9.2
my old ass,2024,8.9,9.0
a cure for wellness,2016,4.2,4.2
american made,2017,7.9,8.5
air,2023,9.7,9.3
a star is born,2018,8.0,9.0
gran turismo,2023,9.8,6.5
a simple favor,2018,7.2,8.4
black adam,2022,8.7,3.9
am i ok,2022,6.2,8.1
aladdin,2019,9.4,5.7
guns  moses,2024,9.3,7.3
all the world is sleeping,2021,9.5,10.0
gretel  hansel,2020,2.3,6.3
how to blow up a pipeline,2022,6.6,9.5
in the land of saints and sinners,2023,7.4,8.3
another simple favor,2025,3.5,5.9
a family affair,2024,3.1,3.6
alone,2020,5.5,9.3
jane austen wrecked my life,2024,8.5,8.3
the adam project,2022,7.3,6.8
a ghost story,2017,6.7,9.1
to kill a wolf,2024,9.6,10.0
a hero,2021,8.3,9.7
assassins creed,2016,4.2,1.8
azrael,2024,5.9,7.1
annabelle comes home,2019,7.0,6.4
alive,2020,6.3,8.8
afraid,2024,5.0,2.5
aquaman and the lost kingdom,2023,7.9,3.3
american fiction,2023,9.5,9.3
king arthur,2017,6.9,3.1
arctic,2018,7.8,9.1
hell of a summer,2023,5.3,4.9
holmes  watson,2018,2.6,1.0
atomic blonde,2017,6.4,7.9
fantastic beasts and where to find them,2016,7.9,7.4
alita,2019,9.1,6.1
love and monsters,2020,8.9,9.4
wendell  wild,2022,6.4,8.0
birds of prey and the fantabulous emancipation of one harley quinn,2020,7.8,7.9
the night eats the world,2018,5.2,8.7
jerry  marge go large,2022,7.9,6.7
animal,2023,8.1,2.6
anna,2019,8.1,3.4
ad vitam,2025,3.3,4.3
the vast of night,2019,6.6,9.2
abducted in plain sight,2017,7.4,7.4
a classic horror story,2021,3.5,5.5
stay the night,2022,7.7,8.8
apollo 11,2019,9.0,9.9
i care a lot,2020,3.6,7.9
memoir of a snail,2024,8.2,9.5
anything for jackson,2020,7.1,9.7
werewolf by night,2022,8.9,9.0
kubo and the two strings,2016,8.6,9.7
silent night,2021,4.7,6.7
night shift,2023,8.3,7.8
live by night,2016,4.2,3.5
extremely wicked shockingly evil and vile,2019,5.7,5.4
horizon,2024,7.0,5.1
alice through the looking glass,2016,4.8,2.9
aquaman,2018,7.2,6.6
the strangers,2018,3.6,4.0
my life as a zucchini,2016,8.9,9.9
winnie the pooh,2024,7.3,4.5
game night,2018,7.8,8.5
our souls at night,2017,7.6,9.1
xmen,2016,6.5,4.7
beauty and the beast,2017,8.0,7.1
nocturnal animals,2016,7.4,7.4
the girl with all the gifts,2016,6.7,8.6
last night in soho,2021,8.9,7.5
antman and the wasp,2018,7.9,8.7
saturday night,2024,8.3,7.7
violent night,2022,8.8,7.4
night swim,2024,4.2,1.9
the night of the 12th,2022,9.3,9.4
against the night,2017,8.8,0.9
gone in the night,2022,1.8,4.4
the night is short walk on girl,2017,8.6,9.0
vanished into the night,2024,1.9,4.3
the night clerk,2020,3.1,3.4
the spine of night,2021,6.3,8.0
the night comes for us,2018,8.3,9.2
one night in miami,2020,7.8,9.8
night raiders,2021,4.7,8.3
the greatest night in pop,2024,8.9,9.8
night of the hunted,2023,3.3,6.4
nightride,2021,9.6,8.6
night teeth,2021,4.9,3.8
fear the night,2023,2.1,3.1
late night,2019,7.7,8.0
night at the museum,2022,3.6,7.7
the 8th night,2021,3.9,7.1
night school,2018,3.8,2.7
rough night,2017,2.9,4.5
silent night,2023,5.0,6.0
night in paradise,2020,7.5,6.8
the long night,2022,2.4,4.1
the night stalker,2016,5.0,8.3
the passengers of the night,2022,6.3,9.0
night comes on,2018,7.5,9.8
good night oppy,2022,10.0,8.7
personality crisis,2022,6.8,10.0
the night,2020,4.7,8.1
black as night,2021,3.0,7.0
night at the eagle inn,2021,3.5,8.0
night drive,2021,5.7,10.0
sword art online the movie progressive aria of a starless night,2021,9.5,8.3
manhattan night,2016,5.2,3.5
survive the night,2020,5.1,1.3
on the beach at night alone,2017,6.9,9.2
the night watchmen,2016,6.6,8.6
the sunlit night,2019,6.4,3.1
nights end,2022,1.8,4.8
lost in the night,2023,6.7,6.0
on a magical night,2019,3.3,6.5
sword art online the movie,2022,9.2,4.2
that good night,2017,5.0,4.8
here and now blue night,2018,1.3,2.3
night of the animated dead,2021,3.6,2.2
silent night,2020,2.7,4.3
the last night of amore,2023,8.5,8.6
beyond the night,2018,7.6,8.6
dark night,2017,2.8,6.1
american night,2021,8.8,2.9
a midsummer nights dream,2017,6.5,6.5
amateur night,2016,2.5,0.0
one night in bangkok,2020,3.5,3.3
night of something strange,2016,3.7,6.0
exterior night,2022,8.2,8.9
night shift,2020,4.0,6.7
the night sitter,2018,5.8,7.8
take back the night,2021,4.4,7.3
this is the night,2021,4.8,1.4
night of the kings,2020,6.3,9.6
opening night,2016,6.4,8.3
take the night,2022,7.6,7.7
spa night,2016,6.0,9.6
summer night,2019,2.2,5.5
queen of hearts,2019,8.0,9.7
queen of katwe,2016,8.6,9.4
somewhere quiet,2023,2.7,9.3
the quiet ones,2025,9.9,4.2
blood quantum,2019,4.1,9.0
the babysitter,2020,5.7,4.6
the man who killed don quixote,2018,6.0,6.6
haunting of the queen mary,2023,5.0,6.0
mountain queen,2023,9.0,10.0
scream queen my nightmare on elm street,2019,8.8,10.0
the quiet girl,2022,9.3,9.7
somewhere in queens,2022,9.2,9.2
the queen of black magic,2020,7.3,9.1
the queens corgi,2019,3.6,0.0
soft  quiet,2022,4.5,8.4
queer,2024,6.5,7.7
fear street,2025,2.4,2.7
quiz lady,2023,7.9,8.3
mary queen of scots,2018,4.1,6.2
queen  slim,2019,9.2,8.2
margrete,2021,7.5,9.5
queen bees,2021,8.9,5.5
qala,2022,8.1,8.0
batman and harley quinn,2017,5.1,5.0
quezons game,2018,6.5,4.5
the quintessential quintuplets movie,2022,9.6,9.2
quasi,2023,6.2,4.1
the velvet queen,2021,8.6,10.0
queenpins,2021,8.2,4.8
quantum cowboys,2022,9.0,10.0
the quarry,2020,3.8,4.2
the elephant queen,2018,8.8,9.1
qt8,2019,8.6,9.2
quicksand,2023,2.1,3.3
the quake,2018,6.5,8.5
a quiet passion,2016,4.8,9.2
quo vadis aida,2020,9.0,10.0
dancing queens,2021,5.8,4.0
qu culpa tiene el nio,2016,5.4,5.4
not going quietly,2021,9.1,10.0
queendom,2023,5.5,10.0
queer planet,2023,5.3,10.0
the queen of spain,2016,3.7,3.0
sky ladder,2016,8.5,10.0
space wars,2023,8.6,6.0
quincy,2018,8.2,8.2
a question of faith,2017,7.6,4.0
queens on the run,2023,4.0,2.0
never surrender,2020,9.2,10.0
all the queens horses,2017,9.6,8.0
the quiet epidemic,2022,9.6,10.0
queer japan,2019,8.3,10.0
queen marie,2019,7.8,6.3
the warrior queen of jhansi,2019,7.8,2.9
queenmaker,2023,2.2,8.3
jim gaffigan,2019,9.1,10.0
the dog who wouldnt be quiet,2021,7.5,10.0
the quietude,2018,6.4,6.4
keep quiet,2016,7.5,10.0
eat that question,2016,7.4,9.2
the quiet one,2019,9.3,6.4
quest,2017,7.5,9.8
suzi q,2019,9.5,10.0
us,2019,6.1,9.3
underwater,2020,6.0,4.8
set it up,2018,6.9,9.2
unknown number,2025,6.9,8.5
the upside,2019,8.2,4.3
wish upon,2017,3.1,2.0
hurry up tomorrow,2025,6.1,1.4
possessor,2020,5.9,9.4
universal language,2024,7.6,9.5
the union,2024,2.4,3.5
uncut gems,2019,5.2,9.1
the mountain between us,2017,4.9,3.9
the unbreakable boy,2025,9.7,4.3
guns up,2025,7.7,6.1
my heart cant beat unless you tell it to,2020,6.1,9.8
unhinged,2020,7.7,4.9
the unforgivable,2021,7.5,3.8
handling the undead,2024,4.3,7.6
unfriended,2018,4.1,6.0
unfrosted,2024,4.9,3.9
upgraded,2024,6.5,7.6
uglies,2024,4.3,1.4
the unholy,2021,5.7,2.7
under paris,2024,3.0,6.4
it ends with us,2024,8.8,5.4
6 underground,2019,6.0,3.6
the unbearable weight of massive talent,2022,8.7,8.7
american underdog,2021,9.8,7.5
upgrade,2018,8.8,8.8
uncharted,2022,8.9,4.1
the breaker upperers,2018,5.1,8.9
uss indianapolis,2016,2.9,1.8
concrete utopia,2023,7.5,10.0
unlocked,2017,4.5,2.6
uprising,2024,7.9,8.0
dont hang up,2016,3.2,3.3
the untamed,2016,5.7,8.6
uproar,2023,8.4,10.0
deliver us,2023,5.9,6.5
i used to be funny,2023,6.8,8.3
the unlikely pilgrimage of harold fry,2023,7.6,7.4
evangelion,2021,9.1,10.0
the minute you wake up dead,2022,1.9,0.0
unsane,2018,5.9,8.0
somebody i used to know,2023,6.0,7.1
kesari chapter 2,2025,9.7,3.9
showing up,2022,4.7,8.9
it is in us all,2022,7.1,7.9
once upon a deadpool,2018,6.1,5.7
umma,2022,5.1,3.2
underworld,2016,4.9,2.1
unstoppable,2024,8.6,7.7
captain underpants,2017,6.3,8.7
the hate u give,2018,8.1,9.7
unforgettable,2017,3.3,2.9
teri baaton mein aisa uljha jiya,2024,7.2,4.0
words bubble up like soda pop,2020,8.5,10.0
unlocked,2023,8.2,4.5
unsung hero,2023,9.9,6.1
deliver us from evil,2020,8.1,9.5
unicorn wars,2022,8.9,8.1
unknown,2023,7.2,10.0
shin ultraman,2022,8.4,9.4
the velvet underground,2021,7.9,9.8
unstoppable,2018,7.2,8.0
unpregnant,2020,1.6,9.2
i used to be famous,2022,8.3,8.9
injustice,2021,4.2,5.0
what haunts us,2018,7.4,10.0
unwelcome,2022,4.3,6.7
the space between us,2017,5.5,1.7
unleashed,2016,7.0,7.5
uglydolls,2019,5.4,3.0
steven universe,2019,8.6,10.0
til death do us part,2023,5.0,3.3
the big ugly,2020,7.7,4.0
unicorns,2023,9.3,7.7
uncorked,2020,6.3,9.4
straight up,2019,7.0,9.3
47 meters down,2019,6.8,4.4
beavis and butthead do the universe,2022,8.4,9.7
a united kingdom,2016,7.7,8.3
unplanned,2019,9.4,4.2
spirit untamed,2021,9.5,4.8
uncle drew,2018,4.8,6.2
uncle frank,2020,8.3,7.7
keeping up with the joneses,2016,3.7,2.0
once upon a time in venice,2017,2.8,2.1
one of us,2017,8.3,9.6
uri,2019,9.2,5.7
sardar udham,2021,9.4,9.5
us and them,2018,9.1,10.0
status update,2018,4.9,0.0
unhuman,2022,6.8,5.0
unseen,2023,6.7,8.8
undergods,2020,4.1,8.3
thelma the unicorn,2024,4.2,6.0
as they made us,2022,7.9,8.1
kingdom of us,2017,8.3,10.0
the unseen,2016,4.9,10.0
the united states vs billie holiday,2021,7.9,5.5
the underdoggs,2024,5.5,4.2
david byrnes american utopia,2020,8.5,9.7
stephen curry,2023,8.7,8.5
unfriend,2016,2.8,1.7
i used to go here,2020,3.6,8.6
pokmon the movie,2018,6.9,7.1
1000 me,2023,5.7,10.0
the woman under the stage,2023,8.3,10.0
woodlands dark and days bewitched,2021,9.1,10.0
tanhaji,2020,8.8,7.5
wake up,2023,7.2,6.9
uchiage hanabi shita kara miru ka yoko kara miru ka,2017,6.0,4.5
untitled horror movie,2021,6.8,8.2
beyond utopia,2023,9.9,10.0
trespass against us,2016,2.6,5.6
coming home in the dark,2021,4.5,9.2
flora and ulysses,2020,6.0,7.3
regarding us,2024,10.0,9.0
dark crimes,2016,3.2,0.0
lakota nation vs united states,2022,7.6,10.0
beneath us,2019,5.1,2.2
super dark times,2017,7.2,8.9
unidentified objects,2022,7.7,8.6
under the stadium lights,2021,4.6,1.1
undine,2020,6.7,8.9
lovely dark and deep,2023,3.4,8.9
aristotle and dante discover the secrets of the universe,2022,9.5,8.8
uncle peckerhead,2020,6.6,10.0
down a dark hall,2018,2.1,4.6
the deep dark,2023,9.3,10.0
dark wind,2017,8.8,8.0
yugioh,2016,7.6,4.0
rumble through the dark,2023,9.6,7.0
dark windows,2023,3.9,4.3
its not yet dark,2016,6.7,9.5
a dark place,2018,7.3,6.0
faceless after dark,2023,3.1,7.7
justice league dark,2017,7.0,8.0
dark obsession,2023,9.6,5.7
the dark,2018,5.7,8.9
dark glasses,2022,3.9,5.2
they wait in the dark,2022,4.1,9.3
the dark tapes,2017,5.5,8.9
the dark divide,2020,6.7,9.3
dark nature,2022,1.0,7.2
dark encounter,2019,3.8,6.7
dark river,2017,6.1,8.1
transference,2020,0.8,0.0
dark figure of crime,2018,7.1,8.0
the dark red,2018,5.8,7.5
a dark foe,2020,8.9,6.0
dark money,2018,6.6,9.6
trevor noah,2017,4.3,10.0
dark signal,2016,3.3,3.3
