Category,Year,Film,FilmId
ACTOR IN A LEADING ROLE,2016,Manchester by the Sea,tt4034228
ACTOR IN A LEADING ROLE,2016,Hacksaw Ridge,tt2119532
ACTOR IN A LEADING ROLE,2016,La La Land,tt3783958
ACTOR IN A LEADING ROLE,2016,Captain Fantastic,tt3553976
ACTOR IN A LEADING ROLE,2016,Fences,tt2671706
ACTOR IN A SUPPORTING ROLE,2016,Moonlight,tt4975722
ACTOR IN A SUPPORTING ROLE,2016,Hell or High Water,tt2582782
ACTOR IN A SUPPORTING ROLE,2016,Lion,tt3741834
ACTOR IN A SUPPORTING ROLE,2016,Nocturnal Animals,tt4550098
ACTRESS IN A LEADING ROLE,2016,Elle,tt3716530
ACTRESS IN A LEADING ROLE,2016,Loving,tt4669986
ACTRESS IN A LEADING ROLE,2016,Jackie,tt1619029
ACTRESS IN A LEADING ROLE,2016,Florence Foster Jenkins,tt4136084
ACTRESS IN A SUPPORTING ROLE,2016,Hidden Figures,tt4846340
ANIMATED FEATURE FILM,2016,Kubo and the Two Strings,tt4302938
ANIMATED FEATURE FILM,2016,Moana,tt3521164
ANIMATED FEATURE FILM,2016,My Life as a Zucchini,tt2321405
ANIMATED FEATURE FILM,2016,The Red Turtle,tt3666024
ANIMATED FEATURE FILM,2016,Zootopia,tt2948356
CINEMATOGRAPHY,2016,Arrival,tt2543164
CINEMATOGRAPHY,2016,Silence,tt0490215
COSTUME DESIGN,2016,Allied,tt3640424
COSTUME DESIGN,2016,Fantastic Beasts and Where to Find Them,tt3183660
DOCUMENTARY (Feature),2016,Fire at Sea,tt3652526
DOCUMENTARY (Feature),2016,I Am Not Your Negro,tt5804038
DOCUMENTARY (Feature),2016,"Life, Animated",tt3917210
DOCUMENTARY (Feature),2016,O.J.: Made in America,tt5275892
DOCUMENTARY (Feature),2016,13th,tt5895028
DOCUMENTARY (Short Subject),2016,Extremis,tt5538078
DOCUMENTARY (Short Subject),2016,4.1 Miles,tt6279726
DOCUMENTARY (Short Subject),2016,Joe's Violin,tt5639178
DOCUMENTARY (Short Subject),2016,Watani: My Homeland,tt6195494
DOCUMENTARY (Short Subject),2016,The White Helmets,tt6073176
FOREIGN LANGUAGE FILM,2016,Land of Mine,tt3841424
FOREIGN LANGUAGE FILM,2016,A Man Called Ove,tt4080728
FOREIGN LANGUAGE FILM,2016,The Salesman,tt5186714
FOREIGN LANGUAGE FILM,2016,Tanna,tt4239726
FOREIGN LANGUAGE FILM,2016,Toni Erdmann,tt4048272
MAKEUP AND HAIRSTYLING,2016,Star Trek Beyond,tt2660888
MAKEUP AND HAIRSTYLING,2016,Suicide Squad,tt1386697
MUSIC (Original Score),2016,Passengers,tt1355644
MUSIC (Original Song),2016,Trolls,tt1679335
MUSIC (Original Song),2016,Jim: The James Foley Story,tt5278466
PRODUCTION DESIGN,2016,"Hail, Caesar!",tt0475290
SHORT FILM (Animated),2016,Blind Vaysha,tt5559726
SHORT FILM (Animated),2016,Borrowed Time,tt4874696
SHORT FILM (Animated),2016,Pear Cider and Cigarettes,tt5358978
SHORT FILM (Animated),2016,Pearl,tt5599918
SHORT FILM (Animated),2016,Piper,tt5613056
SHORT FILM (Live Action),2016,Ennemis Intérieurs,tt5467670
SHORT FILM (Live Action),2016,La Femme et le TGV,tt4661660
SHORT FILM (Live Action),2016,Silent Nights,tt6460636
SHORT FILM (Live Action),2016,Sing,tt4571288
SHORT FILM (Live Action),2016,Timecode,tt5699202
SOUND EDITING,2016,Deepwater Horizon,tt1860357
SOUND EDITING,2016,Sully,tt3263904
SOUND MIXING,2016,Rogue One: A Star Wars Story,tt3748528
SOUND MIXING,2016,13 Hours: The Secret Soldiers of Benghazi,tt4172430
VISUAL EFFECTS,2016,Doctor Strange,tt1211837
VISUAL EFFECTS,2016,The Jungle Book,tt3040964
WRITING (Original Screenplay),2016,The Lobster,tt3464902
WRITING (Original Screenplay),2016,20th Century Women,tt4385888
ACTOR IN A LEADING ROLE,2017,Call Me by Your Name,tt5726616
ACTOR IN A LEADING ROLE,2017,Phantom Thread,tt5776858
ACTOR IN A LEADING ROLE,2017,Get Out,tt5052448
ACTOR IN A LEADING ROLE,2017,Darkest Hour,tt4555426
ACTOR IN A LEADING ROLE,2017,"Roman J. Israel, Esq.",tt6000478
ACTOR IN A SUPPORTING ROLE,2017,The Florida Project,tt5649144
ACTOR IN A SUPPORTING ROLE,2017,"Three Billboards outside Ebbing, Missouri",tt5027774
ACTOR IN A SUPPORTING ROLE,2017,The Shape of Water,tt5580390
ACTOR IN A SUPPORTING ROLE,2017,All the Money in the World,tt5294550
ACTRESS IN A LEADING ROLE,2017,"I, Tonya",tt5580036
ACTRESS IN A LEADING ROLE,2017,Lady Bird,tt4925292
ACTRESS IN A LEADING ROLE,2017,The Post,tt6294822
ACTRESS IN A SUPPORTING ROLE,2017,Mudbound,tt2396589
ANIMATED FEATURE FILM,2017,The Boss Baby,tt3874544
ANIMATED FEATURE FILM,2017,The Breadwinner,tt3901826
ANIMATED FEATURE FILM,2017,Coco,tt2380307
ANIMATED FEATURE FILM,2017,Ferdinand,tt3411444
ANIMATED FEATURE FILM,2017,Loving Vincent,tt3262342
CINEMATOGRAPHY,2017,Blade Runner 2049,tt1856101
CINEMATOGRAPHY,2017,Dunkirk,tt5013056
COSTUME DESIGN,2017,Beauty and the Beast,tt2771200
COSTUME DESIGN,2017,Victoria & Abdul,tt5816682
DOCUMENTARY (Feature),2017,Abacus: Small Enough to Jail,tt5952382
DOCUMENTARY (Feature),2017,Faces Places,tt5598102
DOCUMENTARY (Feature),2017,Icarus,tt6333060
DOCUMENTARY (Feature),2017,Last Men in Aleppo,tt6333074
DOCUMENTARY (Feature),2017,Strong Island,tt5873150
DOCUMENTARY (Short Subject),2017,Edith+Eddie,tt6519356
DOCUMENTARY (Short Subject),2017,Heaven Is a Traffic Jam on the 405,tt5095260
DOCUMENTARY (Short Subject),2017,Heroin(e),tt7389366
DOCUMENTARY (Short Subject),2017,Knife Skills,tt5745110
DOCUMENTARY (Short Subject),2017,Traffic Stop,tt7874708
FILM EDITING,2017,Baby Driver,tt3890160
FOREIGN LANGUAGE FILM,2017,A Fantastic Woman,tt5639354
FOREIGN LANGUAGE FILM,2017,The Insult,tt7048622
FOREIGN LANGUAGE FILM,2017,Loveless,tt6304162
FOREIGN LANGUAGE FILM,2017,On Body and Soul,tt5607714
FOREIGN LANGUAGE FILM,2017,The Square,tt4995790
MAKEUP AND HAIRSTYLING,2017,Wonder,tt2543472
MUSIC (Original Score),2017,Star Wars: The Last Jedi,tt2527336
MUSIC (Original Song),2017,Marshall,tt5301662
MUSIC (Original Song),2017,The Greatest Showman,tt1485796
SHORT FILM (Animated),2017,Dear Basketball,tt6794476
SHORT FILM (Animated),2017,Garden Party,tt6426140
SHORT FILM (Animated),2017,Lou,tt6267732
SHORT FILM (Animated),2017,Negative Space,tt7090150
SHORT FILM (Animated),2017,Revolting Rhymes,tt6386210
SHORT FILM (Live Action),2017,DeKalb Elementary,tt5926890
SHORT FILM (Live Action),2017,The Eleven O'Clock,tt6023474
SHORT FILM (Live Action),2017,My Nephew Emmett,tt6598290
SHORT FILM (Live Action),2017,The Silent Child,tt6186970
SHORT FILM (Live Action),2017,Watu Wote/All of Us,tt6333422
VISUAL EFFECTS,2017,Guardians of the Galaxy Vol. 2,tt3896198
VISUAL EFFECTS,2017,Kong: Skull Island,tt3731562
VISUAL EFFECTS,2017,War for the Planet of the Apes,tt3450958
WRITING (Adapted Screenplay),2017,The Disaster Artist,tt3521126
WRITING (Adapted Screenplay),2017,Logan,tt3315342
WRITING (Adapted Screenplay),2017,Molly's Game,tt4209788
WRITING (Original Screenplay),2017,The Big Sick,tt5462602
SPECIAL AWARD,2017,CARNE y ARENA,tt6212516
ACTOR IN A LEADING ROLE,2018,Vice,tt6266538
ACTOR IN A LEADING ROLE,2018,A Star Is Born,tt1517451
ACTOR IN A LEADING ROLE,2018,At Eternity's Gate,tt6938828
ACTOR IN A LEADING ROLE,2018,Bohemian Rhapsody,tt1727824
ACTOR IN A LEADING ROLE,2018,Green Book,tt6966692
ACTOR IN A SUPPORTING ROLE,2018,BlacKkKlansman,tt7349662
ACTOR IN A SUPPORTING ROLE,2018,Can You Ever Forgive Me?,tt4595882
ACTRESS IN A LEADING ROLE,2018,Roma,tt6155172
ACTRESS IN A LEADING ROLE,2018,The Wife,tt3750872
ACTRESS IN A LEADING ROLE,2018,The Favourite,tt5083738
ACTRESS IN A SUPPORTING ROLE,2018,If Beale Street Could Talk,tt7125860
ANIMATED FEATURE FILM,2018,Incredibles 2,tt3606756
ANIMATED FEATURE FILM,2018,Isle of Dogs,tt5104604
ANIMATED FEATURE FILM,2018,Mirai,tt6900448
ANIMATED FEATURE FILM,2018,Ralph Breaks the Internet,tt5848272
ANIMATED FEATURE FILM,2018,Spider-Man: Into the Spider-Verse,tt4633694
CINEMATOGRAPHY,2018,Cold War,tt6543652
CINEMATOGRAPHY,2018,Never Look Away,tt5311542
COSTUME DESIGN,2018,The Ballad of Buster Scruggs,tt6412452
COSTUME DESIGN,2018,Black Panther,tt1825683
COSTUME DESIGN,2018,Mary Poppins Returns,tt5028340
COSTUME DESIGN,2018,Mary Queen of Scots,tt2328900
DOCUMENTARY (Feature),2018,Free Solo,tt7775622
DOCUMENTARY (Feature),2018,"Hale County This Morning, This Evening",tt6634646
DOCUMENTARY (Feature),2018,Minding the Gap,tt7476236
DOCUMENTARY (Feature),2018,Of Fathers and Sons,tt7519174
DOCUMENTARY (Feature),2018,RBG,tt7689964
DOCUMENTARY (Short Subject),2018,Black Sheep,tt7440094
DOCUMENTARY (Short Subject),2018,End Game,tt7879350
DOCUMENTARY (Short Subject),2018,Lifeboat,tt7446332
DOCUMENTARY (Short Subject),2018,A Night at The Garden,tt7535612
DOCUMENTARY (Short Subject),2018,Period. End of Sentence.,tt6939026
FOREIGN LANGUAGE FILM,2018,Capernaum,tt8267604
FOREIGN LANGUAGE FILM,2018,Shoplifters,tt8075192
MAKEUP AND HAIRSTYLING,2018,Border,tt5501104
PRODUCTION DESIGN,2018,First Man,tt1213641
SHORT FILM (Animated),2018,Animal Behaviour,tt8615478
SHORT FILM (Animated),2018,Bao,tt8075496
SHORT FILM (Animated),2018,Late Afternoon,tt7077824
SHORT FILM (Animated),2018,One Small Step,tt8783042
SHORT FILM (Animated),2018,Weekends,tt7375186
SHORT FILM (Live Action),2018,Detainment,tt6813264
SHORT FILM (Live Action),2018,Fauve,tt7467476
SHORT FILM (Live Action),2018,Marguerite,tt6803040
SHORT FILM (Live Action),2018,Mother,tt6597824
SHORT FILM (Live Action),2018,Skin,tt7332306
SOUND EDITING,2018,A Quiet Place,tt6644200
VISUAL EFFECTS,2018,Avengers: Infinity War,tt4154756
VISUAL EFFECTS,2018,Christopher Robin,tt4575576
VISUAL EFFECTS,2018,Ready Player One,tt1677720
VISUAL EFFECTS,2018,Solo: A Star Wars Story,tt3778644
WRITING (Original Screenplay),2018,First Reformed,tt6053438
ACTOR IN A LEADING ROLE,2019,Pain and Glory,tt8291806
ACTOR IN A LEADING ROLE,2019,Once upon a Time...in Hollywood,tt7131622
ACTOR IN A LEADING ROLE,2019,Marriage Story,tt7653254
ACTOR IN A LEADING ROLE,2019,Joker,tt7286456
ACTOR IN A LEADING ROLE,2019,The Two Popes,tt8404614
ACTOR IN A SUPPORTING ROLE,2019,A Beautiful Day in the Neighborhood,tt3224458
ACTOR IN A SUPPORTING ROLE,2019,The Irishman,tt1302006
ACTRESS IN A LEADING ROLE,2019,Harriet,tt4648786
ACTRESS IN A LEADING ROLE,2019,Little Women,tt3281548
ACTRESS IN A LEADING ROLE,2019,Bombshell,tt6394270
ACTRESS IN A LEADING ROLE,2019,Judy,tt7549996
ACTRESS IN A SUPPORTING ROLE,2019,Richard Jewell,tt3513548
ACTRESS IN A SUPPORTING ROLE,2019,Jojo Rabbit,tt2584384
ANIMATED FEATURE FILM,2019,How to Train Your Dragon: The Hidden World,tt2386490
ANIMATED FEATURE FILM,2019,I Lost My Body,tt9806192
ANIMATED FEATURE FILM,2019,Klaus,tt4729430
ANIMATED FEATURE FILM,2019,Missing Link,tt6348138
ANIMATED FEATURE FILM,2019,Toy Story 4,tt1979376
CINEMATOGRAPHY,2019,The Lighthouse,tt7984734
CINEMATOGRAPHY,2019,1917,tt8579674
DIRECTING,2019,Parasite,tt6751668
DOCUMENTARY (Feature),2019,American Factory,tt9351980
DOCUMENTARY (Feature),2019,The Cave,tt7178226
DOCUMENTARY (Feature),2019,The Edge of Democracy,tt6016744
DOCUMENTARY (Feature),2019,For Sama,tt9617456
DOCUMENTARY (Feature),2019,Honeyland,tt8991268
DOCUMENTARY (Short Subject),2019,In the Absence,tt9464764
DOCUMENTARY (Short Subject),2019,Learning to Skateboard in a Warzone (If You're a Girl),tt10397932
DOCUMENTARY (Short Subject),2019,Life Overtakes Me,tt9204606
DOCUMENTARY (Short Subject),2019,St. Louis Superman,tt10009148
DOCUMENTARY (Short Subject),2019,Walk Run Cha-Cha,tt10182854
FILM EDITING,2019,Ford v Ferrari,tt1950186
INTERNATIONAL FEATURE FILM,2019,Corpus Christi,tt8649186
INTERNATIONAL FEATURE FILM,2019,Les Misérables,tt10199590
MAKEUP AND HAIRSTYLING,2019,Maleficent: Mistress of Evil,tt4777008
MUSIC (Original Score),2019,Star Wars: The Rise of Skywalker,tt2527338
MUSIC (Original Song),2019,Rocketman,tt2066051
MUSIC (Original Song),2019,Breakthrough,tt7083526
MUSIC (Original Song),2019,Frozen II,tt4520988
SHORT FILM (Animated),2019,Dcera (Daughter),tt10923134
SHORT FILM (Animated),2019,Hair Love,tt7129636
SHORT FILM (Animated),2019,Kitbull,tt9536832
SHORT FILM (Animated),2019,Memorable,tt10499942
SHORT FILM (Animated),2019,Sister,tt9032798
SHORT FILM (Live Action),2019,Brotherhood,tt8906678
SHORT FILM (Live Action),2019,Nefta Football Club,tt8551848
SHORT FILM (Live Action),2019,The Neighbors' Window,tt8163822
SHORT FILM (Live Action),2019,Saria,tt11421246
SHORT FILM (Live Action),2019,A Sister,tt8767544
SOUND MIXING,2019,Ad Astra,tt2935510
VISUAL EFFECTS,2019,Avengers: Endgame,tt4154796
VISUAL EFFECTS,2019,The Lion King,tt6105098
WRITING (Original Screenplay),2019,Knives Out,tt8946378
ACTOR IN A LEADING ROLE,2020,Sound of Metal,tt5363618
ACTOR IN A LEADING ROLE,2020,Ma Rainey's Black Bottom,tt10514222
ACTOR IN A LEADING ROLE,2020,The Father,tt10272386
ACTOR IN A LEADING ROLE,2020,Mank,tt10618286
ACTOR IN A LEADING ROLE,2020,Minari,tt10633456
ACTOR IN A SUPPORTING ROLE,2020,The Trial of the Chicago 7,tt1070874
ACTOR IN A SUPPORTING ROLE,2020,Judas and the Black Messiah,tt9784798
ACTOR IN A SUPPORTING ROLE,2020,One Night in Miami...,tt10612922
ACTRESS IN A LEADING ROLE,2020,The United States vs. Billie Holiday,tt8521718
ACTRESS IN A LEADING ROLE,2020,Pieces of a Woman,tt11161474
ACTRESS IN A LEADING ROLE,2020,Nomadland,tt9770150
ACTRESS IN A LEADING ROLE,2020,Promising Young Woman,tt9620292
ACTRESS IN A SUPPORTING ROLE,2020,Borat Subsequent Moviefilm: Delivery of Prodigious Bribe to American Regime for Make Benefit Once Glorious Nation of Kazakhstan,tt13143964
ACTRESS IN A SUPPORTING ROLE,2020,Hillbilly Elegy,tt6772802
ANIMATED FEATURE FILM,2020,Onward,tt7146812
ANIMATED FEATURE FILM,2020,Over the Moon,tt7488208
ANIMATED FEATURE FILM,2020,A Shaun the Sheep Movie: Farmageddon,tt6193408
ANIMATED FEATURE FILM,2020,Soul,tt2948372
ANIMATED FEATURE FILM,2020,Wolfwalkers,tt5198068
CINEMATOGRAPHY,2020,News of the World,tt6878306
COSTUME DESIGN,2020,Emma,tt9214832
COSTUME DESIGN,2020,Mulan,tt4566758
COSTUME DESIGN,2020,Pinocchio,tt8333746
DIRECTING,2020,Another Round,tt10288566
DOCUMENTARY (Feature),2020,Collective,tt10706602
DOCUMENTARY (Feature),2020,Crip Camp,tt8923484
DOCUMENTARY (Feature),2020,The Mole Agent,tt11394298
DOCUMENTARY (Feature),2020,My Octopus Teacher,tt12888462
DOCUMENTARY (Feature),2020,Time,tt11416746
DOCUMENTARY (Short Subject),2020,Colette,tt11643154
DOCUMENTARY (Short Subject),2020,A Concerto Is a Conversation,tt13793326
DOCUMENTARY (Short Subject),2020,Do Not Split,tt11512676
DOCUMENTARY (Short Subject),2020,Hunger Ward,tt12979636
DOCUMENTARY (Short Subject),2020,A Love Song for Latasha,tt8993180
INTERNATIONAL FEATURE FILM,2020,Better Days,tt9586294
INTERNATIONAL FEATURE FILM,2020,The Man Who Sold His Skin,tt10360862
INTERNATIONAL FEATURE FILM,2020,"Quo Vadis, Aida?",tt8633462
MUSIC (Original Score),2020,Da 5 Bloods,tt9777644
MUSIC (Original Song),2020,Eurovision Song Contest: The Story of Fire Saga,tt8580274
MUSIC (Original Song),2020,The Life Ahead (La Vita Davanti a Se),tt10627584
PRODUCTION DESIGN,2020,Tenet,tt6723592
SHORT FILM (Animated),2020,Burrow,tt13167288
SHORT FILM (Animated),2020,Genius Loci,tt11884670
SHORT FILM (Animated),2020,If Anything Happens I Love You,tt11768948
SHORT FILM (Animated),2020,Opera,tt14039636
SHORT FILM (Animated),2020,Yes-People,tt12706728
SHORT FILM (Live Action),2020,Feeling Through,tt9280166
SHORT FILM (Live Action),2020,The Letter Room,tt11962160
SHORT FILM (Live Action),2020,The Present,tt11474480
SHORT FILM (Live Action),2020,Two Distant Strangers,tt13472984
SHORT FILM (Live Action),2020,White Eye,tt10538710
SOUND,2020,Greyhound,tt6048922
VISUAL EFFECTS,2020,Love and Monsters,tt2222042
VISUAL EFFECTS,2020,The Midnight Sky,tt10539608
VISUAL EFFECTS,2020,The One and Only Ivan,tt3661394
WRITING (Adapted Screenplay),2020,The White Tiger,tt6571548
ACTOR IN A LEADING ROLE,2021,Being the Ricardos,tt4995540
ACTOR IN A LEADING ROLE,2021,The Power of the Dog,tt10293406
ACTOR IN A LEADING ROLE,2021,"tick, tick...BOOM!",tt8721424
ACTOR IN A LEADING ROLE,2021,King Richard,tt9620288
ACTOR IN A LEADING ROLE,2021,The Tragedy of Macbeth,tt10095582
ACTOR IN A SUPPORTING ROLE,2021,Belfast,tt12789558
ACTOR IN A SUPPORTING ROLE,2021,CODA,tt10366460
ACTRESS IN A LEADING ROLE,2021,The Eyes of Tammy Faye,tt9115530
ACTRESS IN A LEADING ROLE,2021,The Lost Daughter,tt9100054
ACTRESS IN A LEADING ROLE,2021,Parallel Mothers,tt12618926
ACTRESS IN A LEADING ROLE,2021,Spencer,tt12536294
ACTRESS IN A SUPPORTING ROLE,2021,West Side Story,tt3581652
ANIMATED FEATURE FILM,2021,Encanto,tt2953050
ANIMATED FEATURE FILM,2021,Flee,tt8430054
ANIMATED FEATURE FILM,2021,Luca,tt12801262
ANIMATED FEATURE FILM,2021,The Mitchells vs. the Machines,tt7979580
ANIMATED FEATURE FILM,2021,Raya and the Last Dragon,tt5109280
CINEMATOGRAPHY,2021,Dune,tt1160419
CINEMATOGRAPHY,2021,Nightmare Alley,tt7740496
COSTUME DESIGN,2021,Cruella,tt3228774
COSTUME DESIGN,2021,Cyrano,tt12889404
DIRECTING,2021,Drive My Car,tt14039582
DIRECTING,2021,Licorice Pizza,tt11271038
DOCUMENTARY (Feature),2021,Ascension,tt14505430
DOCUMENTARY (Feature),2021,Attica,tt12482898
DOCUMENTARY (Feature),2021,"Summer of Soul (...Or, When the Revolution Could Not Be Televised)",tt11422728
DOCUMENTARY (Feature),2021,Writing with Fire,tt13630174
DOCUMENTARY (Short Subject),2021,Audible,tt12771540
DOCUMENTARY (Short Subject),2021,Lead Me Home,tt15339848
DOCUMENTARY (Short Subject),2021,The Queen of Basketball,tt14513236
DOCUMENTARY (Short Subject),2021,Three Songs for Benazir,tt14608922
DOCUMENTARY (Short Subject),2021,When We Were Bullies,tt13796488
FILM EDITING,2021,Don't Look Up,tt11286314
INTERNATIONAL FEATURE FILM,2021,The Hand of God,tt12680684
INTERNATIONAL FEATURE FILM,2021,Lunana: A Yak in the Classroom,tt10189300
INTERNATIONAL FEATURE FILM,2021,The Worst Person in the World,tt10370710
MAKEUP AND HAIRSTYLING,2021,Coming 2 America,tt6802400
MAKEUP AND HAIRSTYLING,2021,House of Gucci,tt11214590
MUSIC (Original Song),2021,No Time to Die,tt2382320
MUSIC (Original Song),2021,Four Good Days,tt10344522
SHORT FILM (Animated),2021,Affairs of the Art,tt14293560
SHORT FILM (Animated),2021,Bestia,tt14825950
SHORT FILM (Animated),2021,Boxballet,tt14825972
SHORT FILM (Animated),2021,Robin Robin,tt11332850
SHORT FILM (Animated),2021,The Windshield Wiper,tt9464038
SHORT FILM (Live Action),2021,Ala Kachuu - Take and Run,tt7914938
SHORT FILM (Live Action),2021,The Dress,tt12299764
SHORT FILM (Live Action),2021,The Long Goodbye,tt11924384
SHORT FILM (Live Action),2021,On My Mind,tt15289736
SHORT FILM (Live Action),2021,Please Hold,tt11383280
VISUAL EFFECTS,2021,Free Guy,tt6264654
VISUAL EFFECTS,2021,Shang-Chi and the Legend of the Ten Rings,tt9376612
VISUAL EFFECTS,2021,Spider-Man: No Way Home,tt10872600
ACTOR IN A LEADING ROLE,2022,Elvis,tt3704428
ACTOR IN A LEADING ROLE,2022,The Banshees of Inisherin,tt11813216
ACTOR IN A LEADING ROLE,2022,The Whale,tt13833688
ACTOR IN A LEADING ROLE,2022,Aftersun,tt19770238
ACTOR IN A LEADING ROLE,2022,Living,tt9051908
ACTOR IN A SUPPORTING ROLE,2022,Causeway,tt10192406
ACTOR IN A SUPPORTING ROLE,2022,The Fabelmans,tt14208870
ACTOR IN A SUPPORTING ROLE,2022,Everything Everywhere All at Once,tt6710474
ACTRESS IN A LEADING ROLE,2022,Tár,tt14444726
ACTRESS IN A LEADING ROLE,2022,Blonde,tt1655389
ACTRESS IN A LEADING ROLE,2022,To Leslie,tt8129806
ACTRESS IN A SUPPORTING ROLE,2022,Black Panther: Wakanda Forever,tt9114286
ANIMATED FEATURE FILM,2022,Guillermo del Toro's Pinocchio,tt1488589
ANIMATED FEATURE FILM,2022,Marcel the Shell with Shoes On,tt15339456
ANIMATED FEATURE FILM,2022,Puss in Boots: The Last Wish,tt3915174
ANIMATED FEATURE FILM,2022,The Sea Beast,tt9288046
ANIMATED FEATURE FILM,2022,Turning Red,tt8097030
CINEMATOGRAPHY,2022,All Quiet on the Western Front,tt1016150
CINEMATOGRAPHY,2022,"Bardo, False Chronicle of a Handful of Truths",tt14176542
CINEMATOGRAPHY,2022,Empire of Light,tt14402146
COSTUME DESIGN,2022,Babylon,tt10640346
COSTUME DESIGN,2022,Mrs. Harris Goes to Paris,tt5151570
DIRECTING,2022,Triangle of Sadness,tt7322224
DOCUMENTARY FEATURE FILM,2022,All That Breathes,tt16377862
DOCUMENTARY FEATURE FILM,2022,All the Beauty and the Bloodshed,tt21374850
DOCUMENTARY FEATURE FILM,2022,Fire of Love,tt16227014
DOCUMENTARY FEATURE FILM,2022,A House Made of Splinters,tt16377920
DOCUMENTARY FEATURE FILM,2022,Navalny,tt17041964
DOCUMENTARY SHORT FILM,2022,The Elephant Whisperers,tt23628262
DOCUMENTARY SHORT FILM,2022,Haulout,tt17162620
DOCUMENTARY SHORT FILM,2022,How Do You Measure a Year?,tt15026956
DOCUMENTARY SHORT FILM,2022,The Martha Mitchell Effect,tt16379454
DOCUMENTARY SHORT FILM,2022,Stranger at the Gate,tt20784118
FILM EDITING,2022,Top Gun: Maverick,tt1745960
INTERNATIONAL FEATURE FILM,2022,"Argentina, 1985",tt15301048
INTERNATIONAL FEATURE FILM,2022,Close,tt9660502
INTERNATIONAL FEATURE FILM,2022,EO,tt19652910
INTERNATIONAL FEATURE FILM,2022,The Quiet Girl,tt15109082
MAKEUP AND HAIRSTYLING,2022,The Batman,tt1877830
MUSIC (Original Song),2022,Tell It like a Woman,tt5850650
MUSIC (Original Song),2022,RRR,tt8178634
BEST PICTURE,2022,Avatar: The Way of Water,tt1630029
BEST PICTURE,2022,Women Talking,tt13669038
SHORT FILM (Animated),2022,"The Boy, the Mole, the Fox and the Horse",tt22667880
SHORT FILM (Animated),2022,The Flying Sailor,tt20240228
SHORT FILM (Animated),2022,Ice Merchants,tt19781688
SHORT FILM (Animated),2022,My Year of Dicks,tt17663790
SHORT FILM (Animated),2022,An Ostrich Told Me the World Is Fake and I Think I Believe It,tt20115114
SHORT FILM (Live Action),2022,An Irish Goodbye,tt14625872
SHORT FILM (Live Action),2022,Ivalu,tt22054902
SHORT FILM (Live Action),2022,Le Pupille,tt20215392
SHORT FILM (Live Action),2022,Night Ride,tt12566792
SHORT FILM (Live Action),2022,The Red Suitcase,tt22763378
WRITING (Adapted Screenplay),2022,Glass Onion: A Knives Out Mystery,tt11564570
AWARD OF COMMENDATION,2022,Welcome to Chechnya,tt11394200
ACTOR IN A LEADING ROLE,2023,Maestro,tt5535276
ACTOR IN A LEADING ROLE,2023,Rustin,tt14160834
ACTOR IN A LEADING ROLE,2023,The Holdovers,tt14849194
ACTOR IN A LEADING ROLE,2023,Oppenheimer,tt15398776
ACTOR IN A LEADING ROLE,2023,American Fiction,tt23561236
ACTOR IN A SUPPORTING ROLE,2023,Killers of the Flower Moon,tt5537002
ACTOR IN A SUPPORTING ROLE,2023,Barbie,tt1517268
ACTOR IN A SUPPORTING ROLE,2023,Poor Things,tt14230458
ACTRESS IN A LEADING ROLE,2023,Nyad,tt5302918
ACTRESS IN A LEADING ROLE,2023,Anatomy of a Fall,tt17009710
ACTRESS IN A SUPPORTING ROLE,2023,The Color Purple,tt1200263
ANIMATED FEATURE FILM,2023,The Boy and the Heron,tt6587046
ANIMATED FEATURE FILM,2023,Elemental,tt15789038
ANIMATED FEATURE FILM,2023,Nimona,tt19500164
ANIMATED FEATURE FILM,2023,Robot Dreams,tt13429870
ANIMATED FEATURE FILM,2023,Spider-Man: Across the Spider-Verse,tt9362722
CINEMATOGRAPHY,2023,El Conde,tt21113540
COSTUME DESIGN,2023,Napoleon,tt13287846
DIRECTING,2023,The Zone of Interest,tt7160372
DOCUMENTARY FEATURE FILM,2023,Bobi Wine: The People's President,tt21376900
DOCUMENTARY FEATURE FILM,2023,The Eternal Memory,tt24082488
DOCUMENTARY FEATURE FILM,2023,Four Daughters,tt27502426
DOCUMENTARY FEATURE FILM,2023,To Kill a Tiger,tt21688772
DOCUMENTARY FEATURE FILM,2023,20 Days in Mariupol,tt24082438
DOCUMENTARY SHORT FILM,2023,The ABCs of Book Banning,tt29361805
DOCUMENTARY SHORT FILM,2023,The Barber of Little Rock,tt28627868
DOCUMENTARY SHORT FILM,2023,Island in Between,tt30523942
DOCUMENTARY SHORT FILM,2023,The Last Repair Shop,tt29118186
DOCUMENTARY SHORT FILM,2023,Nai Nai & Wài Pó,tt26218316
INTERNATIONAL FEATURE FILM,2023,Io Capitano,tt14225838
INTERNATIONAL FEATURE FILM,2023,Perfect Days,tt27503384
INTERNATIONAL FEATURE FILM,2023,Society of the Snow,tt16277242
INTERNATIONAL FEATURE FILM,2023,The Teachers' Lounge,tt26612950
MAKEUP AND HAIRSTYLING,2023,Golda,tt14454876
MUSIC (Original Score),2023,Indiana Jones and the Dial of Destiny,tt1462764
MUSIC (Original Song),2023,Flamin' Hot,tt8105234
MUSIC (Original Song),2023,American Symphony,tt28865980
BEST PICTURE,2023,Past Lives,tt13238346
SHORT FILM (Animated),2023,Letter to a Pig,tt10346066
SHORT FILM (Animated),2023,Ninety-Five Senses,tt11020596
SHORT FILM (Animated),2023,Our Uniform,tt28058015
SHORT FILM (Animated),2023,Pachyderme,tt20862526
SHORT FILM (Animated),2023,WAR IS OVER! Inspired by the Music of John & Yoko,tt29795707
SHORT FILM (Live Action),2023,The After,tt28532006
SHORT FILM (Live Action),2023,Invincible,tt22749100
SHORT FILM (Live Action),2023,Knight of Fortune,tt26600054
SHORT FILM (Live Action),2023,"Red, White and Blue",tt27759823
SHORT FILM (Live Action),2023,The Wonderful Story of Henry Sugar,tt16968450
SOUND,2023,The Creator,tt11858890
SOUND,2023,Mission: Impossible - Dead Reckoning Part One,tt9603212
VISUAL EFFECTS,2023,Godzilla Minus One,tt23289160
VISUAL EFFECTS,2023,Guardians of the Galaxy Vol. 3,tt6791350
WRITING (Original Screenplay),2023,May December,tt13651794
ACTOR IN A LEADING ROLE,2024,The Brutalist,tt8999762
ACTOR IN A LEADING ROLE,2024,A Complete Unknown,tt11563598
ACTOR IN A LEADING ROLE,2024,Sing Sing,tt28479262
ACTOR IN A LEADING ROLE,2024,Conclave,tt20215234
ACTOR IN A LEADING ROLE,2024,The Apprentice,tt8368368
ACTOR IN A SUPPORTING ROLE,2024,Anora,tt28607951
ACTOR IN A SUPPORTING ROLE,2024,A Real Pain,tt21823606
ACTRESS IN A LEADING ROLE,2024,Wicked,tt1262426
ACTRESS IN A LEADING ROLE,2024,Emilia Pérez,tt20221436
ACTRESS IN A LEADING ROLE,2024,The Substance,tt17526714
ACTRESS IN A LEADING ROLE,2024,I'm Still Here,tt14961016
ANIMATED FEATURE FILM,2024,Flow,tt4772188
ANIMATED FEATURE FILM,2024,Inside Out 2,tt22022452
ANIMATED FEATURE FILM,2024,Memoir of a Snail,tt23770030
ANIMATED FEATURE FILM,2024,Wallace & Gromit: Vengeance Most Fowl,tt17163970
ANIMATED FEATURE FILM,2024,The Wild Robot,tt29623480
ANIMATED SHORT FILM,2024,Beautiful Men,tt30835281
ANIMATED SHORT FILM,2024,In the Shadow of the Cypress,tt28768883
ANIMATED SHORT FILM,2024,Magic Candies,tt31888603
ANIMATED SHORT FILM,2024,Wander to Wonder,tt28768679
ANIMATED SHORT FILM,2024,Yuck!,tt28356173
CINEMATOGRAPHY,2024,Dune: Part Two,tt15239678
CINEMATOGRAPHY,2024,Maria,tt22893404
CINEMATOGRAPHY,2024,Nosferatu,tt5040012
COSTUME DESIGN,2024,Gladiator II,tt9218128
DOCUMENTARY FEATURE FILM,2024,Black Box Diaries,tt30227076
DOCUMENTARY FEATURE FILM,2024,No Other Land,tt30953759
DOCUMENTARY FEATURE FILM,2024,Porcelain War,tt30294282
DOCUMENTARY FEATURE FILM,2024,Soundtrack to a Coup d'Etat,tt14452174
DOCUMENTARY FEATURE FILM,2024,Sugarcane,tt30319854
DOCUMENTARY SHORT FILM,2024,Death by Numbers,tt33385063
DOCUMENTARY SHORT FILM,2024,"I Am Ready, Warden",tt31556921
DOCUMENTARY SHORT FILM,2024,Incident,tt27990245
DOCUMENTARY SHORT FILM,2024,Instruments of a Beating Heart,tt32280470
DOCUMENTARY SHORT FILM,2024,The Only Girl in the Orchestra,tt29497240
INTERNATIONAL FEATURE FILM,2024,The Girl with the Needle,tt10236164
INTERNATIONAL FEATURE FILM,2024,The Seed of the Sacred Fig,tt32178949
MAKEUP AND HAIRSTYLING,2024,A Different Man,tt21097228
MUSIC (Original Song),2024,The Six Triple Eight,tt24458622
MUSIC (Original Song),2024,Elton John: Never Too Late,tt20316978
BEST PICTURE,2024,Nickel Boys,tt23055660
SHORT FILM (Live Action),2024,A Lien,tt27655666
SHORT FILM (Live Action),2024,Anuja,tt27654431
SHORT FILM (Live Action),2024,I'm Not a Robot,tt19837932
SHORT FILM (Live Action),2024,The Last Ranger,tt15802124
SHORT FILM (Live Action),2024,The Man Who Could Not Remain Silent,tt20519854
VISUAL EFFECTS,2024,Alien: Romulus,tt18412256
VISUAL EFFECTS,2024,Better Man,tt14260836
VISUAL EFFECTS,2024,Kingdom of the Planet of the Apes,tt11389872
WRITING (Original Screenplay),2024,September 5,tt28082769
