title,year,audience_score,critics_score,imdb_id,relaxed_title
the current war,2019,7.2,3.3,,current war
munich,2021,7.8,8.3,,munich
the great war,2019,3.1,1.7,,great war
the lord of the rings,2024,8.1,4.9,,lord of the rings
baltimore aka roses war,2023,3.9,8.8,,baltimore aka roses war
avengers,2018,9.2,8.5,,avengers
justice league dark,2020,9.0,10.0,,justice league dark
boudica,2023,1.3,4.3,,boudica
captain america,2016,8.9,9.0,,captain america
words of war,2025,9.0,7.5,,words of war
the huntsman,2016,4.5,2.0,,huntsman
war and justice,2023,7.8,8.3,,war and justice
justice society,2021,7.2,7.6,,justice society
two who dared,2016,7.2,10.0,,two who dared
the current war,2019,7.9,6.1,,current war
porcelain war,2024,9.4,9.6,,porcelain war
war game,2024,6.2,8.0,,war game
the silent war,2018,2.4,5.6,,silent war
the coming war on china,2016,4.2,8.8,,coming war on china
memoir of war,2017,5.2,6.7,,memoir of war
bennetts war,2019,8.2,5.0,,bennetts war
the war show,2016,9.0,10.0,,war show
day of the fight,2023,9.4,8.5,,day of the fight
the day the earth blew up,2024,8.8,8.5,,day the earth blew up
independence day,2016,3.0,2.8,,independence day
365 days,2022,4.3,0.0,,365 days
1987,2017,6.5,8.2,,1987
sicario,2018,6.6,6.2,,sicario
tremors,2018,2.7,4.0,,tremors
day of the dead,2018,1.0,1.1,,day of the dead
a quiet place,2024,7.2,8.6,,quiet place
michael boltons big sexy valentines day special,2017,6.0,10.0,,michael boltons big sexy valentines day special
australia day,2017,4.9,5.0,,australia day
suga,2023,9.3,8.0,,suga
boxing day,2021,8.6,8.3,,boxing day
at the end of the day,2018,7.2,10.0,,at the end of the day
on the seventh day,2017,6.2,10.0,,on the seventh day
the day the music died,2022,7.1,7.0,,day the music died
planet earth,2017,8.9,10.0,,planet earth
on the 3rd day,2021,3.8,3.8,,on the 3rd day
marathon,2016,8.3,9.0,,marathon
the day sports stood still,2021,6.7,8.0,,day sports stood still
the pay day,2022,9.5,6.0,,pay day
tiny tim,2020,6.2,8.5,,tiny tim
one week and a day,2016,7.6,9.0,,one week and a day
liberation day,2016,10.0,6.7,,liberation day
the senior,2023,9.3,7.9,,senior
the strangers,2025,5.5,1.4,,strangers
chainsaw man  the movie,2025,9.8,9.7,,chainsaw man the movie
gabbys dollhouse,2025,9.4,8.5,,gabbys dollhouse
downton abbey,2025,9.6,9.1,,downton abbey
mission,2025,8.8,8.0,,mission
the fantastic four,2025,9.1,8.6,,fantastic four
the conjuring,2025,7.8,5.9,,conjuring
bridget jones,2025,7.3,8.8,,bridget jones
the cost,2023,9.1,8.3,,cost
winniethepooh,2023,4.9,0.3,,winniethepooh
roald dahls the witches,2020,3.2,5.0,,roald dahls the witches
the conjuring,2021,8.3,5.6,,conjuring
avatar,2022,9.2,7.6,,avatar
the hunger games,2023,8.9,6.4,,hunger games
spinal tap ii,2025,9.0,6.6,,spinal tap ii
the wonderful story of henry sugar,2023,8.1,9.5,,wonderful story of henry sugar
the count of monte cristo,2024,9.4,9.7,,count of monte cristo
maze runner,2018,5.8,4.3,,maze runner
the strangers,2024,4.5,2.1,,strangers
star wars,2017,4.1,9.1,,star wars
guy ritchies the covenant,2023,9.8,8.2,,guy ritchies the covenant
dr seuss the grinch,2018,5.4,6.0,,dr seuss the grinch
star wars,2019,8.6,5.1,,star wars
venom,2024,7.9,4.0,,venom
spiderman,2023,9.5,9.5,,spiderman
spiderman,2018,9.3,9.7,,spiderman
the grab,2022,9.2,8.2,,grab
dont lets go to the dogs tonight,2024,8.4,9.1,,dont lets go to the dogs tonight
demon slayer kimetsu no yaiba the movie,2020,9.9,9.8,,demon slayer kimetsu no yaiba the movie
night of the zoopocalypse,2024,8.2,8.8,,night of the zoopocalypse
antman and the wasp,2023,8.1,4.6,,antman and the wasp
the purge,2016,4.8,5.5,,purge
puss in boots,2022,9.4,9.5,,puss in boots
the exorcist,2023,5.7,2.2,,exorcist
godzilla x kong,2024,8.9,5.4,,godzilla x kong
bambi,2025,5.7,6.3,,bambi
hell house llc origins,2023,7.9,8.8,,hell house llc origins
brave the dark,2023,9.4,7.4,,brave the dark
springsteen,2025,8.3,5.9,,springsteen
pirates of the caribbean,2017,6.0,3.0,,pirates of the caribbean
transformers,2023,9.1,5.1,,transformers
mission,2023,9.4,9.6,,mission
rocky iv,2021,9.3,7.2,,rocky iv
descendent,2025,4.5,8.8,,descendent
downwind,2023,7.9,10.0,,downwind
last days,2025,7.1,3.1,,last days
demon slayer,2025,9.8,9.8,,demon slayer
descendant,2022,6.4,10.0,,descendant
joker,2024,3.1,3.1,,joker
dune,2021,9.0,8.3,,dune
disneys snow white,2025,6.9,3.9,,disneys snow white
dune,2024,9.5,9.2,,dune
batman v superman,2016,6.3,2.8,,batman v superman
doin it,2024,9.5,5.0,,doin it
the witcher,2025,3.8,5.8,,witcher
fantastic beasts,2022,8.3,4.6,,fantastic beasts
daughters,2024,9.1,10.0,,daughters
den of thieves,2025,7.9,6.2,,den of thieves
dungeons  dragons,2023,9.2,9.1,,dungeons dragons
terminator,2019,8.2,7.0,,terminator
insidious,2023,6.9,3.9,,insidious
bad boys,2024,9.6,6.5,,bad boys
deliver me from nowhere,2025,8.3,5.9,,deliver me from nowhere
how to train your dragon,2019,8.7,9.0,,how to train your dragon
76 days,2020,8.6,10.0,,76 days
the three musketeers,2023,8.0,9.8,,three musketeers
ddi,2024,9.1,9.5,,ddi
downton abbey,2022,9.7,8.7,,downton abbey
operation fortune,2023,8.2,5.1,,operation fortune
zombieland,2019,8.8,6.8,,zombieland
demon slayer,2024,7.9,8.8,,demon slayer
dora and the search for sol dorado,2025,8.8,9.2,,dora and the search for sol dorado
the secret,2020,7.2,2.8,,secret
the priests 2,2025,6.6,5.3,,priests 2
abrahams boys,2025,3.0,4.0,,abrahams boys
dreamin wild,2022,6.5,9.0,,dreamin wild
intrigo,2018,4.8,1.1,,intrigo
dark phoenix,2019,6.4,2.2,,dark phoenix
blumhouses truth or dare,2018,2.3,1.5,,blumhouses truth or dare
what remains,2022,4.1,8.9,,what remains
rebel moon,2023,5.6,2.2,,rebel moon
ice road,2025,2.4,1.5,,ice road
rule breakers,2025,9.6,8.2,,rule breakers
alien,2024,8.5,8.0,,alien
thor,2017,8.7,9.3,,thor
rogue one,2016,8.7,8.4,,rogue one
jeepers creepers,2022,0.7,0.0,,jeepers creepers
sabans power rangers,2017,6.5,5.1,,sabans power rangers
resident evil,2021,6.5,3.0,,resident evil
jack reacher,2016,4.2,3.7,,jack reacher
running on empty,2024,6.4,1.6,,running on empty
rambo,2019,8.1,2.6,,rambo
colors of evil,2024,5.4,8.0,,colors of evil
roald dahls matilda the musical,2022,7.2,9.3,,roald dahls matilda the musical
tom clancys without remorse,2021,4.1,4.5,,tom clancys without remorse
mechanic,2016,4.0,3.0,,mechanic
eli roth presents,2024,5.0,6.3,,eli roth presents
escape room,2021,7.5,5.2,,escape room
minions,2022,8.9,6.9,,minions
what remains,2022,7.0,6.0,,what remains
rebel moon  part one,2024,7.3,5.3,,rebel moon part one
the rat catcher,2023,6.1,10.0,,rat catcher
sniper,2022,7.3,7.2,,sniper
ultraman,2024,9.1,8.6,,ultraman
ill be right there,2024,6.0,8.6,,ill be right there
rebel moon,2024,4.7,1.6,,rebel moon
descendants,2024,4.3,5.7,,descendants
godzilla,2018,3.4,6.0,,godzilla
crescent city,2024,2.1,1.4,,crescent city
occupied city,2023,5.9,7.2,,occupied city
knuckle city,2019,8.0,10.0,,knuckle city
city of dreams,2024,9.1,5.2,,city of dreams
my spy,2024,3.5,2.3,,my spy
kokomo city,2023,7.1,9.9,,kokomo city
resident evil,2016,4.7,3.8,,resident evil
city hall,2020,6.7,9.8,,city hall
john mulaney,2018,9.1,10.0,,john mulaney
bad city,2022,7.6,7.7,,bad city
city of joy,2016,7.1,10.0,,city of joy
desperate souls dark city and the legend of midnight cowboy,2022,7.1,9.1,,desperate souls dark city and the legend of midnight cowboy
blues big city adventure,2022,8.4,8.3,,blues big city adventure
dawson city,2016,7.0,10.0,,dawson city
zone 414  city of robots,2021,3.9,1.7,,zone 414 city of robots
citizen jane,2016,6.9,9.5,,citizen jane
charm city,2018,9.1,10.0,,charm city
karl marx city,2016,7.2,9.6,,karl marx city
dark city beneath the beat,2020,8.3,10.0,,dark city beneath the beat
in the last days of the city,2016,8.9,8.0,,in the last days of the city
tron,2025,8.5,5.3,,tron
kantara,2025,9.2,8.3,,kantara
a little prayer,2023,9.2,9.3,,little prayer
still,2023,9.5,9.9,,still
americana,2025,7.7,6.5,,americana
captain america,2025,7.6,4.6,,captain america
wallace  gromit,2024,9.1,10.0,,wallace gromit
avengers,2019,9.0,9.4,,avengers
gonjiam,2018,7.5,9.2,,gonjiam
a silent voice,2016,9.4,9.5,,silent voice
eye for an eye,2025,8.9,9.2,,eye for an eye
annabelle,2017,6.8,7.0,,annabelle
bonhoeffer,2024,9.2,6.6,,bonhoeffer
thor,2022,7.6,6.3,,thor
alien,2017,5.5,6.5,,alien
furiosa,2024,8.8,9.0,,furiosa
ghostbusters,2021,9.4,6.3,,ghostbusters
guns  moses,2024,9.3,7.3,,guns moses
all the world is sleeping,2021,9.5,10.0,,all the world is sleeping
to kill a wolf,2024,9.6,10.0,,to kill a wolf
king arthur,2017,6.9,3.1,,king arthur
alita,2019,9.1,6.1,,alita
jerry  marge go large,2022,7.9,6.7,,jerry marge go large
stay the night,2022,7.7,8.8,,stay the night
werewolf by night,2022,8.9,9.0,,werewolf by night
horizon,2024,7.0,5.1,,horizon
the strangers,2018,3.6,4.0,,strangers
winnie the pooh,2024,7.3,4.5,,winnie the pooh
xmen,2016,6.5,4.7,,xmen
nightride,2021,9.6,8.6,,nightride
night at the museum,2022,3.6,7.7,,night at the museum
the night stalker,2016,5.0,8.3,,night stalker
night comes on,2018,7.5,9.8,,night comes on
personality crisis,2022,6.8,10.0,,personality crisis
night at the eagle inn,2021,3.5,8.0,,night at the eagle inn
sword art online the movie progressive aria of a starless night,2021,9.5,8.3,,sword art online the movie progressive aria of a starless night
nights end,2022,1.8,4.8,,nights end
lost in the night,2023,6.7,6.0,,lost in the night
sword art online the movie,2022,9.2,4.2,,sword art online the movie
that good night,2017,5.0,4.8,,that good night
here and now blue night,2018,1.3,2.3,,here and now blue night
night of the animated dead,2021,3.6,2.2,,night of the animated dead
beyond the night,2018,7.6,8.6,,beyond the night
dark night,2017,2.8,6.1,,dark night
a midsummer nights dream,2017,6.5,6.5,,midsummer nights dream
exterior night,2022,8.2,8.9,,exterior night
the night sitter,2018,5.8,7.8,,night sitter
take back the night,2021,4.4,7.3,,take back the night
this is the night,2021,4.8,1.4,,this is the night
take the night,2022,7.6,7.7,,take the night
spa night,2016,6.0,9.6,,spa night
summer night,2019,2.2,5.5,,summer night
the quiet ones,2025,9.9,4.2,,quiet ones
the babysitter,2020,5.7,4.6,,babysitter
mountain queen,2023,9.0,10.0,,mountain queen
fear street,2025,2.4,2.7,,fear street
margrete,2021,7.5,9.5,,margrete
quezons game,2018,6.5,4.5,,quezons game
quantum cowboys,2022,9.0,10.0,,quantum cowboys
qt8,2019,8.6,9.2,,qt8
quicksand,2023,2.1,3.3,,quicksand
qu culpa tiene el nio,2016,5.4,5.4,,qu culpa tiene el nio
not going quietly,2021,9.1,10.0,,not going quietly
queendom,2023,5.5,10.0,,queendom
queer planet,2023,5.3,10.0,,queer planet
sky ladder,2016,8.5,10.0,,sky ladder
space wars,2023,8.6,6.0,,space wars
a question of faith,2017,7.6,4.0,,question of faith
queens on the run,2023,4.0,2.0,,queens on the run
never surrender,2020,9.2,10.0,,never surrender
all the queens horses,2017,9.6,8.0,,all the queens horses
the quiet epidemic,2022,9.6,10.0,,quiet epidemic
queer japan,2019,8.3,10.0,,queer japan
queen marie,2019,7.8,6.3,,queen marie
the warrior queen of jhansi,2019,7.8,2.9,,warrior queen of jhansi
queenmaker,2023,2.2,8.3,,queenmaker
jim gaffigan,2019,9.1,10.0,,jim gaffigan
the dog who wouldnt be quiet,2021,7.5,10.0,,dog who wouldnt be quiet
the quietude,2018,6.4,6.4,,quietude
keep quiet,2016,7.5,10.0,,keep quiet
eat that question,2016,7.4,9.2,,eat that question
the quiet one,2019,9.3,6.4,,quiet one
quest,2017,7.5,9.8,,quest
suzi q,2019,9.5,10.0,,suzi q
unknown number,2025,6.9,8.5,,unknown number
the upside,2019,8.2,4.3,,upside
unfriended,2018,4.1,6.0,,unfriended
uss indianapolis,2016,2.9,1.8,,uss indianapolis
uproar,2023,8.4,10.0,,uproar
evangelion,2021,9.1,10.0,,evangelion
kesari chapter 2,2025,9.7,3.9,,kesari chapter 2
it is in us all,2022,7.1,7.9,,it is in us all
underworld,2016,4.9,2.1,,underworld
captain underpants,2017,6.3,8.7,,captain underpants
unknown,2023,7.2,10.0,,unknown
what haunts us,2018,7.4,10.0,,what haunts us
unleashed,2016,7.0,7.5,,unleashed
steven universe,2019,8.6,10.0,,steven universe
unicorns,2023,9.3,7.7,,unicorns
47 meters down,2019,6.8,4.4,,47 meters down
uri,2019,9.2,5.7,,uri
undergods,2020,4.1,8.3,,undergods
kingdom of us,2017,8.3,10.0,,kingdom of us
the unseen,2016,4.9,10.0,,unseen
stephen curry,2023,8.7,8.5,,stephen curry
unfriend,2016,2.8,1.7,,unfriend
pokmon the movie,2018,6.9,7.1,,pokmon the movie
1000 me,2023,5.7,10.0,,1000 me
the woman under the stage,2023,8.3,10.0,,woman under the stage
woodlands dark and days bewitched,2021,9.1,10.0,,woodlands dark and days bewitched
tanhaji,2020,8.8,7.5,,tanhaji
uchiage hanabi shita kara miru ka yoko kara miru ka,2017,6.0,4.5,,uchiage hanabi shita kara miru ka yoko kara miru ka
untitled horror movie,2021,6.8,8.2,,untitled horror movie
flora and ulysses,2020,6.0,7.3,,flora and ulysses
regarding us,2024,10.0,9.0,,regarding us
lakota nation vs united states,2022,7.6,10.0,,lakota nation vs united states
unidentified objects,2022,7.7,8.6,,unidentified objects
under the stadium lights,2021,4.6,1.1,,under the stadium lights
dark wind,2017,8.8,8.0,,dark wind
yugioh,2016,7.6,4.0,,yugioh
its not yet dark,2016,6.7,9.5,,its not yet dark
faceless after dark,2023,3.1,7.7,,faceless after dark
justice league dark,2017,7.0,8.0,,justice league dark
they wait in the dark,2022,4.1,9.3,,they wait in the dark
the dark divide,2020,6.7,9.3,,dark divide
dark nature,2022,1.0,7.2,,dark nature
the dark red,2018,5.8,7.5,,dark red
dark money,2018,6.6,9.6,,dark money
trevor noah,2017,4.3,10.0,,trevor noah
dark signal,2016,3.3,3.3,,dark signal
